月份_年份推定,榜单名次,商品标题,商品链接,品牌,叶子类目,店铺,展示价格,成交金额指数_非人民币,成交件数指数_非件数,成人洗发水候选,标题疑似套装
2026-04,1,【白云山】二硫化硒洗发水控油蓬松持久留香去屑止痒无硅油,https://haohuo.jinritemai.com/ecommerce/trade/detail/index.html?id=3654868800710557076,白云山,个人护理>洗发护发>洗发水,白云山香薰旗舰店,¥56,294319,185808,是,否
2026-04,2,【直播间领券下单】长发小寨淘米水洗发水防脱固发滋养发根控油sh,https://haohuo.jinritemai.com/ecommerce/trade/detail/index.html?id=3715385328777953559,长发小寨,个人护理>洗发护发>洗发水,长发小寨官方旗舰店,¥142,222760,52500,是,否
2026-04,3,【达人专属】卡诗元气姜粉瓶沁透洗发水500ML无硅油蓬松清洁 5,https://haohuo.jinritemai.com/ecommerce/trade/detail/index.html?id=3813314401537228937,卡诗/KERASTASE,个人护理>洗发护发>洗发水,卡诗KERASTASE官方旗舰店,¥376,214877,20023,是,否
2026-04,4,长发小寨控油防脱洗发露固发防脱强韧发根深度滋养,https://haohuo.jinritemai.com/ecommerce/trade/detail/index.html?id=3814829820441919533,长发小寨,个人护理>洗发护发>洗发水,长发小寨美容旗舰店,¥293,203460,25514,是,否
2026-04,5,【拍1发3】小灵树.防.脱加强-植萃防.脱固发洗发水,https://haohuo.jinritemai.com/ecommerce/trade/detail/index.html?id=3789751515074396326,小灵树,个人护理>洗发护发>洗发水,小灵树堇扬个人护理专卖店,¥67,144578,59041,是,否
2026-04,6,法国klorane康如金鸡纳防脱洗发水400ml*3+精华喷雾100ml防脱蓬松,https://haohuo.jinritemai.com/ecommerce/trade/detail/index.html?id=3813328370758975722,康如/KLORANE,个人护理>洗发护发>洗发水,KLORANE康如官方旗舰店,¥281,132649,14135,是,否
2026-04,7,【二硫化硒洗发水】质润二硫化硒洗发水去屑控油止痒蓬松大容量【DB】,https://haohuo.jinritemai.com/ecommerce/trade/detail/index.html?id=3656885111745585533,质润/ZRVIVE,个人护理>洗发护发>洗发水,质润官方旗舰店,￥68-126,131567,30261,是,否
2026-04,8,仙花秀可可香氛氨基酸洗发水控油去屑蓬松留香升级版2.0洗护套装,https://haohuo.jinritemai.com/ecommerce/trade/detail/index.html?id=3730781674355688343,仙花秀/Sinhosoo,个人护理>洗发护发>洗发水,仙花秀官方旗舰店,¥58,130794,57844,是,是
2026-04,9,【专攻脱发】守住你的发量 白桦树汁原液 防脱洗发水,https://haohuo.jinritemai.com/ecommerce/trade/detail/index.html?id=3793728384199164004,白桦依然,个人护理>洗发护发>洗发水,白桦依然个人护理旗舰店,¥68,121736,48506,是,否
2026-04,10,Off&Relax防脱洗发水锁发瓶持证防脱固发300ml囤货装,https://haohuo.jinritemai.com/ecommerce/trade/detail/index.html?id=3814257679275262035,Off&Relax,个人护理>洗发护发>洗发水,Off&Relax官方旗舰店,¥266,114460,12697,是,否
2026-04,11,新升级 2.0夏伯雅莲依兰香洗发水多肽精油香氛控油去屑防断发666g,https://haohuo.jinritemai.com/ecommerce/trade/detail/index.html?id=3710178975906136326,夏伯雅莲,个人护理>洗发护发>洗发水,夏伯雅莲官方旗舰店,¥54,108780,50840,是,否
2026-04,12,【孙颖莎推荐】半亩花田控油蓬松洗发水洗头膏护发素防断发留香XF,https://haohuo.jinritemai.com/ecommerce/trade/detail/index.html?id=3727286638133510266,半亩花田/Little Dream Garden,个人护理>洗发护发>洗发水,半亩花田洗护发旗舰店,¥82,108123,34670,是,否
2026-04,13,【金秋限定桂花香！洗+洗】韩束3D超蓬瓶洗发水控油去屑护发防断芳香,https://haohuo.jinritemai.com/ecommerce/trade/detail/index.html?id=3723388100739727516,韩束/KANS,个人护理>洗发护发>洗发水,韩束官方旗舰店,¥67,107109,40251,是,否
2026-04,14,【欧莱雅】洗发水护发柔顺洗发露润养顺滑抚顺理洗发乳,https://haohuo.jinritemai.com/ecommerce/trade/detail/index.html?id=3812955015677608330,欧莱雅/L'ORÉAL,个人护理>洗发护发>洗发水,欧莱雅个人护理旗舰店,¥96,106695,29822,是,否
2026-04,15,EHD防脱防断洗发水控油固发蓬松植萃正品洗发露洗头膏留香护发,https://haohuo.jinritemai.com/ecommerce/trade/detail/index.html?id=3606783790963375116,EHD,个人护理>洗发护发>洗发水,,￥85-144,102725,25319,是,否
2026-04,16,【专注防脱】2盒-苗甄堂草本防脱洗发水-固发控油去屑-LH,https://haohuo.jinritemai.com/ecommerce/trade/detail/index.html?id=3707399371957076455,育草堂,个人护理>洗发护发>洗发水,量鉑甄选养发,¥64,100176,38667,是,否
2026-04,17,娜帕蒂卡柔顺洗发水护发高级控油蓬松持久留香推荐官方旗舰店直播,https://haohuo.jinritemai.com/ecommerce/trade/detail/index.html?id=3586739389851653588,娜帕蒂卡/napattiga,个人护理>洗发护发>洗发水,,￥66-79,100059,34764,是,否
2026-04,18,【免费试用】韩束防脱固发修护洗发水焕活肽清洁防断固发去油,https://haohuo.jinritemai.com/ecommerce/trade/detail/index.html?id=3784942113867825718,韩束/KANS,个人护理>洗发护发>洗发水,韩束洗护官方旗舰店,¥74,99458,33799,是,否
2026-04,19,【明星郑晓宁推荐】科芮实验室二硫化硒去屑止痒控油蓬松洗发水,https://haohuo.jinritemai.com/ecommerce/trade/detail/index.html?id=3811619141455052957,科芮实验室,个人护理>洗发护发>洗发水,科芮实验室洗护清洁旗舰店,¥119,99216,21056,是,否
2026-04,20,法国klorane康如金鸡纳防脱洗发水400ml*4+25ml-DB,https://haohuo.jinritemai.com/ecommerce/trade/detail/index.html?id=3814852175788638438,康如/KLORANE,个人护理>洗发护发>洗发水,KLORANE康如官方旗舰店,¥267,97542,10213,是,否
2026-04,21,【官方旗舰店】谷甸洗发水12种氨基酸蓬松控油去屑止痒柔顺滋养洗护,https://haohuo.jinritemai.com/ecommerce/trade/detail/index.html?id=3712218943688147012,谷甸,个人护理>洗发护发>洗发水,谷甸官方旗舰店,¥77,95469,31381,是,否
2026-04,22,歌拉丝歌GELASIGE碳量子点控油蓬松洗发乳溶油 4.0版@,https://haohuo.jinritemai.com/ecommerce/trade/detail/index.html?id=3761907411762413907,歌拉丝歌/GELASIGE,个人护理>洗发护发>洗发水,歌拉丝歌官方旗舰店,¥41,89788,51123,是,否
2026-04,23,秀鹤颜【拍一发二】人参侧柏叶防脱洗发水强韧发丝控油去屑防断发-S,https://haohuo.jinritemai.com/ecommerce/trade/detail/index.html?id=3777521305981681769,秀鹤颜,个人护理>洗发护发>洗发水,秀鹤颜个人护理旗舰店,¥19,88976,98169,是,否
2026-04,24,【长发小寨】控油防脱丰盈洗发露控油滋养护发,https://haohuo.jinritemai.com/ecommerce/trade/detail/index.html?id=3814237598331830305,长发小寨,个人护理>洗发护发>洗发水,长发小寨洗护发旗舰店,¥286,88074,8337,是,否
2026-04,25,【欧豪同款】海洋至尊男士劲爽控油去黑头水乳护肤套礼物送男友,https://haohuo.jinritemai.com/ecommerce/trade/detail/index.html?id=3813530614511043050,海洋至尊,个人护理>洗发护发>洗发水,海洋至尊个人护理旗舰店,¥188,87342,11987,是,否
2026-04,26,【头油头屑头痒】康王控油去屑蓝瓶二硫化硒洗发水,https://haohuo.jinritemai.com/ecommerce/trade/detail/index.html?id=3601034611074939600,康王,个人护理>洗发护发>洗发水,康王官方旗舰店,¥139,84084,14734,是,否
2026-04,27,墨见【植物萃取+养发护发】淘米水何首乌侧柏叶人参草本洗发水450ML,https://haohuo.jinritemai.com/ecommerce/trade/detail/index.html?id=3810336917548040489,墨见,个人护理>洗发护发>洗发水,墨见洗护发旗舰店,¥74,82601,26892,是,否
2026-04,28,云开东方十八味中草植物萃取蓬松控油防断发护发养发洗发粉侧柏叶,https://haohuo.jinritemai.com/ecommerce/trade/detail/index.html?id=3721128316497953227,云开东方,个人护理>洗发护发>洗发水,云开东方,¥62,70694,28235,是,否
2026-04,29,珀莱雅旗下惊时洗发水2.0大小油头分型控油洗头膏控油蓬松,https://haohuo.jinritemai.com/ecommerce/trade/detail/index.html?id=3691240474531726211,惊时/Awaken Seeds,个人护理>洗发护发>洗发水,惊时Awaken Seeds官方旗舰店,¥88,69474,18718,是,否
2026-04,30,【中国科学院博士】初葵赋活强韧洗发水 防断发控油蓬松去屑洗发水,https://haohuo.jinritemai.com/ecommerce/trade/detail/index.html?id=3806865621908586679,初葵,个人护理>洗发护发>洗发水,初葵洗护清洁旗舰店,¥108,69138,15701,是,否
2026-04,31,【彩虹夫妇专享】VINCERE ANCIENT黑姜洗发水400ml/瓶,https://haohuo.jinritemai.com/ecommerce/trade/detail/index.html?id=3815702572963070142,VINCEREANCIENT,个人护理>洗发护发>洗发水,空港邮身体护理专营店,¥97,67971,16833,是,否
2026-04,32,【达人专属】卡诗元气姜粉瓶沁透洗发水500ML无硅油蓬松清洁 4,https://haohuo.jinritemai.com/ecommerce/trade/detail/index.html?id=3813314410018111778,卡诗/KERASTASE,个人护理>洗发护发>洗发水,卡诗KERASTASE官方旗舰店,¥376,66295,5078,是,否
2026-04,33,【补贴马上失效】【头屑头痒红包包】康王控油去屑二硫化硒洗发水,https://haohuo.jinritemai.com/ecommerce/trade/detail/index.html?id=3722054236377317436,康王,个人护理>洗发护发>洗发水,康王官方旗舰店,¥148,64032,10685,是,否
2026-04,34,【COCO温峥嵘力荐】KYOCA/极方控油修护防脱洗护洗发水持久留香蓬松,https://haohuo.jinritemai.com/ecommerce/trade/detail/index.html?id=3745743845565006252,极方/KYOCA,个人护理>洗发护发>洗发水,KYOCA极方官方旗舰店,¥166,63200,9632,是,否
2026-04,35,【达人短视频】SHEVEU赛逸硫化硒去屑洗发水控油止痒清爽蓬松修护,https://haohuo.jinritemai.com/ecommerce/trade/detail/index.html?id=3614820388787355526,sheveu,个人护理>洗发护发>洗发水,,￥57-117,62886,28783,是,否
2026-04,36,【董璇同款 传承红瑶技艺】瑶品淘米草本原浆洗发无硅无醇控油去屑1,https://haohuo.jinritemai.com/ecommerce/trade/detail/index.html?id=3797726534995935531,瑶品,个人护理>洗发护发>洗发水,瑶品官方旗舰店,¥64,62026,21419,是,否
2026-04,37,【彩虹夫妇专享】VINCERE ANCIENT黑姜洗发水400ml/瓶,https://haohuo.jinritemai.com/ecommerce/trade/detail/index.html?id=3814804304217375079,VINCEREANCIENT,个人护理>洗发护发>洗发水,拉菲拉洗护发专营店,¥98,61826,14782,是,否
2026-04,38,【云南白药】养元青蓬松强韧/强根健发防脱洗发水组合控油蓬松D-TZ,https://haohuo.jinritemai.com/ecommerce/trade/detail/index.html?id=3801063821196526051,养元青/YANGYUANQING,个人护理>洗发护发>洗发水,养元青官方旗舰店,¥271,61068,6253,是,否
2026-04,39,养元青姜芬洗发水500ml+普洱茶香洗发水500ml D-YH-z,https://haohuo.jinritemai.com/ecommerce/trade/detail/index.html?id=3814235968433684730,养元青/YANGYUANQING,个人护理>洗发护发>洗发水,养元青官方旗舰店,¥79,60212,17267,是,否
2026-04,40,海飞丝洗发水丝质柔滑保湿清洁洗发露男女士家庭装官方正品旗舰店,https://haohuo.jinritemai.com/ecommerce/trade/detail/index.html?id=3811856631671685334,海飞丝/head&shoulders,个人护理>洗发护发>洗发水,海飞丝官方旗舰店,¥143,59962,10262,是,否
2026-04,41,【达人专享】卡诗元气姜粉瓶沁透洗发水500ML无硅油蓬松清洁 7,https://haohuo.jinritemai.com/ecommerce/trade/detail/index.html?id=3813314184691712492,卡诗/KERASTASE,个人护理>洗发护发>洗发水,卡诗KERASTASE官方旗舰店,¥379,58964,4441,是,否
2026-04,42,泰国原装进口泰国黑姜滋养祛屑洗发露+人参根+何首乌滋养控油JQZB,https://haohuo.jinritemai.com/ecommerce/trade/detail/index.html?id=3806260731540799893,懿美博士/Dr.emiser,个人护理>洗发护发>洗发水,Dr.emiser懿美博士个人护理旗舰店,¥99,57983,13541,是,否
2026-04,43,《小园子专属》蓝胖子轻盈蓬松洗发水（蓬松轻盈）妍,https://haohuo.jinritemai.com/ecommerce/trade/detail/index.html?id=3688293948700360865,蓝胖子,个人护理>洗发护发>洗发水,妍妍的服装销售店,¥133,57785,10348,是,否
2026-04,44,阿道夫香氛精油洗发水清爽控油去屑蓬松止痒柔顺洗护套装男女正品,https://haohuo.jinritemai.com/ecommerce/trade/detail/index.html?id=3526483939751523689,阿道夫/ADOLPH,个人护理>洗发护发>洗发水,,￥35-79,57647,13844,是,是
2026-04,45,【免费试用】韩束防脱固发修护洗发水焕活肽防断防掉去油滋养,https://haohuo.jinritemai.com/ecommerce/trade/detail/index.html?id=3801817351708606635,韩束/KANS,个人护理>洗发护发>洗发水,韩束洗护官方旗舰店,¥72,55090,16731,是,否
2026-04,46,【央妈同款】【脱发 断发选】拜耳康王腺苷防脱洗发水 能防脱 能防断,https://haohuo.jinritemai.com/ecommerce/trade/detail/index.html?id=3648389122994898370,康王,个人护理>洗发护发>洗发水,康王官方旗舰店,￥88-187,54999,7467,是,否
2026-04,47,故事树【持证防脱】防脱洗发露 拍一发二-HZA,https://haohuo.jinritemai.com/ecommerce/trade/detail/index.html?id=3784960412626322073,故事树,个人护理>洗发护发>洗发水,故事树化妆品旗舰店,¥58,53745,19484,是,否
2026-04,48,[经典版]净澈清爽莹亮洗发露（囤货5瓶装+小样试用+1包发膜）,https://haohuo.jinritemai.com/ecommerce/trade/detail/index.html?id=3798010112166199301,'-,个人护理>洗发护发>洗发水,仙女可的品质严选,¥130,52746,9534,是,否
2026-04,49,【长发小寨】控油防脱丰盈洗发露控油滋养护发DF,https://haohuo.jinritemai.com/ecommerce/trade/detail/index.html?id=3811253044860026895,长发小寨,个人护理>洗发护发>洗发水,长发小寨洗护发旗舰店,¥292,52350,4739,是,否
2026-04,50,【含赠品到手2瓶】增强版防脱健发固发头皮护理精华草本养发液HZS1,https://haohuo.jinritemai.com/ecommerce/trade/detail/index.html?id=3799252642035794093,森之宣言,个人护理>洗发护发>洗发水,森之宣言化妆品旗舰店,¥58,52055,18802,是,否
2026-04,51,【婵润官旗】婵润生姜发膜氨基酸组合 控油护发 清爽去屑 柔顺发丝,https://haohuo.jinritemai.com/ecommerce/trade/detail/index.html?id=3783817414295290305,婵润/chanrun,个人护理>洗发护发>洗发水,婵润湘瑟护肤专卖店,¥196,51162,6542,是,否
2026-04,52,【国庆出游季】海洋至尊男士控油洗发水蓬松持久留香净屑止痒洗头膏,https://haohuo.jinritemai.com/ecommerce/trade/detail/index.html?id=3607413321499859111,海洋至尊,个人护理>洗发护发>洗发水,,￥71-76,50884,15147,是,否
2026-04,53,【露思推荐】自然堂蓝瓶洗发水控油蓬松留香赵露思同款洗发水露膏夏,https://haohuo.jinritemai.com/ecommerce/trade/detail/index.html?id=3702740137629843647,自然堂/CHANDO,个人护理>洗发护发>洗发水,自然堂个人护理旗舰店,¥40,50609,27166,是,否
2026-04,54,Gsirjyyp【油+掉】沙棘氨基酸蓬松控油洗发水洗头膏洗头500ml/瓶,https://haohuo.jinritemai.com/ecommerce/trade/detail/index.html?id=3773049843329663370,Gsirjyyp,个人护理>洗发护发>洗发水,Gsirjyyp个护用品旗舰店,¥49,49032,20535,是,否
2026-04,55,【邓亚萍推荐】KONO控油蓬松洗发水持久留香奢护黑标小K瓶,https://haohuo.jinritemai.com/ecommerce/trade/detail/index.html?id=3602523489405378255,KONO,个人护理>洗发护发>洗发水,KONO官方旗舰店,￥106-132,48775,8856,是,否
2026-04,56,【达人专属】卡诗元气姜粉瓶沁透洗发水500ML无硅油蓬松清洁 8,https://haohuo.jinritemai.com/ecommerce/trade/detail/index.html?id=3813315565498531871,卡诗/KERASTASE,个人护理>洗发护发>洗发水,卡诗KERASTASE官方旗舰店,¥378,48530,3631,是,否
2026-04,57,【小饼干】养元青蓬松强韧防脱洗发水+头皮护理精华液+护发素D-z,https://haohuo.jinritemai.com/ecommerce/trade/detail/index.html?id=3810735832063672682,养元青/YANGYUANQING,个人护理>洗发护发>洗发水,养元青官方旗舰店,¥155,47455,7241,是,否
2026-04,58,【含赠品到手2瓶】增强版防脱健发固发护理精华草本养发液BB-S888,https://haohuo.jinritemai.com/ecommerce/trade/detail/index.html?id=3811544544122634536,森之宣言,个人护理>洗发护发>洗发水,森之宣言昶灵洗护发专卖店,¥39,47137,25506,是,否
2026-04,59,白云山二硫化硒去屑洗发水控油蓬松止痒洗头膏家庭专用,https://haohuo.jinritemai.com/ecommerce/trade/detail/index.html?id=3763740089423888817,白云山,个人护理>洗发护发>洗发水,白云山香薰旗舰店,¥44,46721,20906,是,否
2026-04,60,Off&Relax蓬松&蓬盈洗发水2.0洗发水清爽零压瓶控油,https://haohuo.jinritemai.com/ecommerce/trade/detail/index.html?id=3601821109571430348,Off&Relax,个人护理>洗发护发>洗发水,Off&Relax官方旗舰店,￥98-216,46601,10247,是,否
2026-04,61,【可试用10ml】Off&Relax防脱洗发水300ml*2,https://haohuo.jinritemai.com/ecommerce/trade/detail/index.html?id=3811069286882082966,Off&Relax,个人护理>洗发护发>洗发水,Off&Relax官方旗舰店,¥294,46051,4116,是,否
2026-04,62,【苏瑞自用】FAIRY FAVE澳洲茶树油去屑控油洗发乳,https://haohuo.jinritemai.com/ecommerce/trade/detail/index.html?id=3814473714200871405,FAIRY FAVE,个人护理>洗发护发>洗发水,FAIRY FAVE2,¥61,45516,15175,是,否
2026-04,63,【老爸抽检】Roye若也植萃去屑止痒洗发水洗头膏控油蓬松留香,https://haohuo.jinritemai.com/ecommerce/trade/detail/index.html?id=3560045931246276710,若也/Roye,个人护理>洗发护发>洗发水,,￥139-213,45254,6943,是,否
2026-04,64,【于适同款】KIMTRUE且初太阳红梨氨基酸洗发水柔顺控油高颅顶,https://haohuo.jinritemai.com/ecommerce/trade/detail/index.html?id=3557492669825582323,且初/KIMTRUE,个人护理>洗发护发>洗发水,KIMTRUE且初洗护发旗舰店,¥70,45236,13439,是,否
2026-04,65,昔色洗发水控油蓬松清爽洗发露持久留香洗头膏清爽柔顺大容量推荐,https://haohuo.jinritemai.com/ecommerce/trade/detail/index.html?id=3747230479900868907,昔色/XISE,个人护理>洗发护发>洗发水,昔色洗护发旗舰店,¥40,45089,21631,是,否
2026-04,66,爱敬科娜洗丝受损修护洗发香波头皮护理 韩国原装进口 ZY,https://haohuo.jinritemai.com/ecommerce/trade/detail/index.html?id=3814603666967626161,爱敬/Aekyung,个人护理>洗发护发>洗发水,爱敬Aekyung个人护理旗舰店,¥99,44547,9688,是,否
2026-04,67,歌拉丝歌GELASIGE碳量子点去屑止痒洗发乳（银色山泉香）,https://haohuo.jinritemai.com/ecommerce/trade/detail/index.html?id=3746519598422425761,歌拉丝歌/GELASIGE,个人护理>洗发护发>洗发水,歌拉丝歌官方旗舰店,¥40,44353,20926,是,否
2026-04,68,故事树【持证防脱】防脱洗发露 拍一发二-XHA,https://haohuo.jinritemai.com/ecommerce/trade/detail/index.html?id=3790714874083017190,故事树,个人护理>洗发护发>洗发水,故事树洗护发旗舰店,¥29,44102,29784,是,否
2026-04,69,【单依纯同款】沙宣VS洗发水控油蓬松水润去屑改善毛躁洗发露正品,https://haohuo.jinritemai.com/ecommerce/trade/detail/index.html?id=3727404904462024830,沙宣/VS,个人护理>洗发护发>洗发水,沙宣官方旗舰店,¥75,43074,11779,是,否
2026-04,70,【朱梓骁专属】 养元青强根健发/蓬松强韧防脱洗发水D-ZX-z,https://haohuo.jinritemai.com/ecommerce/trade/detail/index.html?id=3816106055058981795,养元青/YANGYUANQING,个人护理>洗发护发>洗发水,养元青官方旗舰店,¥79,42881,11292,是,否
2026-04,71,【头发开叉必用】徐海莉柔顺去屑控油保湿洗发水护发套装,https://haohuo.jinritemai.com/ecommerce/trade/detail/index.html?id=3695909507675849010,徐海莉,个人护理>洗发护发>洗发水,徐海莉旗舰店,￥91-98,41649,9326,是,是
2026-04,72,【非遗好物甄选】长发小寨淘米洗发水固发滋养防脱强韧发根,https://haohuo.jinritemai.com/ecommerce/trade/detail/index.html?id=3690158965334868209,长发小寨,个人护理>洗发护发>洗发水,长发小寨官方旗舰店,￥128-153,41426,8339,是,否
2026-04,73,【彩虹夫妇专享】VINCERE ANCIENT黑姜洗发水400ml/瓶,https://haohuo.jinritemai.com/ecommerce/trade/detail/index.html?id=3815725553110089965,VINCEREANCIENT,个人护理>洗发护发>洗发水,广州林查帮港轮运国际贸易有限公司企业店,¥97,41395,9215,是,否
2026-04,74,【朱梓骁专属】云南白药养元青新品升级控油防脱健发/强韧洗发水,https://haohuo.jinritemai.com/ecommerce/trade/detail/index.html?id=3808124631299260826,养元青/YANGYUANQING,个人护理>洗发护发>洗发水,养元青个人护理旗舰店,¥70,41165,12088,是,否
2026-04,75,黛青丝【持证防脱】草本防脱洗发水萃取植物精华强韧控油去屑防秃头,https://haohuo.jinritemai.com/ecommerce/trade/detail/index.html?id=3727791721967386777,黛青丝,个人护理>洗发护发>洗发水,黛青丝官方旗舰店,¥65,41048,12677,是,否
2026-04,76,泰国黑姜滋养祛屑洗发露+人参根+何首乌滋养修护控油保湿JQQP2,https://haohuo.jinritemai.com/ecommerce/trade/detail/index.html?id=3789414995780043095,懿美博士/Dr.emiser,个人护理>洗发护发>洗发水,Dr.emiser懿美博士依颜专卖店,¥65,41020,12696,是,否
2026-04,77,【药企专研】蔓迪防脱固发洗发水乌诺地尔防脱男女掉发脱发柔顺,https://haohuo.jinritemai.com/ecommerce/trade/detail/index.html?id=3738892838121898125,蔓迪,个人护理>洗发护发>洗发水,蔓迪官方旗舰店,¥131,40509,6939,是,否
2026-04,78,【限时补贴马上失效】【抠头皮红包包】康王去屑控油二硫化硒洗发水,https://haohuo.jinritemai.com/ecommerce/trade/detail/index.html?id=3727072546823208978,康王,个人护理>洗发护发>洗发水,康王官方旗舰店,¥145,40162,6347,是,否
2026-04,79,【鞠婧祎同款】拉芳发芯修护洗发水防断控油洗发膏清爽蓬松强韧洗护,https://haohuo.jinritemai.com/ecommerce/trade/detail/index.html?id=3686407453118955655,拉芳,个人护理>洗发护发>洗发水,拉芳官方旗舰店,￥47-58,40021,16290,是,否
2026-04,80,苗仆17种氨基酸草本洗发粉 【无硅油】植物研磨 去屑控油防断发皂粉,https://haohuo.jinritemai.com/ecommerce/trade/detail/index.html?id=3748033993019359368,苗仆,个人护理>洗发护发>洗发水,苗仆个人护理旗舰店,¥52,39771,14906,是,否
2026-05,1,【白云山】二硫化硒洗发水控油蓬松持久留香去屑止痒无硅油,https://haohuo.jinritemai.com/ecommerce/trade/detail/index.html?id=3654868800710557076,白云山,个人护理>洗发护发>洗发水,白云山香薰旗舰店,¥56,286407,179429,是,否
2026-05,2,【直播间领券下单】长发小寨淘米水洗发水防脱固发滋养发根控油sh,https://haohuo.jinritemai.com/ecommerce/trade/detail/index.html?id=3715385328777953559,长发小寨,个人护理>洗发护发>洗发水,长发小寨官方旗舰店,¥128,200654,50815,是,否
2026-05,3,魔香双重特证防脱洗发水人参生姜根固发防断发去屑强韧洗发乳ZB,https://haohuo.jinritemai.com/ecommerce/trade/detail/index.html?id=3756405640352891301,魔香/MCHOIX,个人护理>洗发护发>洗发水,魔香官方旗舰店,¥150,197356,44176,是,否
2026-05,4,长发小寨控油防脱洗发露固发防脱强韧发根滋养,https://haohuo.jinritemai.com/ecommerce/trade/detail/index.html?id=3820063940302471553,长发小寨,个人护理>洗发护发>洗发水,长发小寨洗护发旗舰店,¥254,147457,17832,是,否
2026-05,5,娜帕蒂卡柔顺洗发水护发高级控油蓬松持久留香推荐官方旗舰店直播,https://haohuo.jinritemai.com/ecommerce/trade/detail/index.html?id=3586739389851653588,娜帕蒂卡/napattiga,个人护理>洗发护发>洗发水,,￥67-78,138577,51158,是,否
2026-05,6,【金秋限定桂花香！洗+洗】韩束3D超蓬瓶洗发水控油去屑护发防断芳香,https://haohuo.jinritemai.com/ecommerce/trade/detail/index.html?id=3723388100739727516,韩束/KANS,个人护理>洗发护发>洗发水,韩束官方旗舰店,¥67,134908,53612,是,否
2026-05,7,仙花秀可可香氛氨基酸洗发水控油去屑蓬松留香升级版2.0洗护套装,https://haohuo.jinritemai.com/ecommerce/trade/detail/index.html?id=3730781674355688343,仙花秀/Sinhosoo,个人护理>洗发护发>洗发水,仙花秀官方旗舰店,¥58,132320,59092,是,是
2026-05,8,【拍1发3】小灵树.防.脱加强-植萃防.脱固发洗发水,https://haohuo.jinritemai.com/ecommerce/trade/detail/index.html?id=3789751515074396326,小灵树,个人护理>洗发护发>洗发水,小灵树堇扬个人护理专卖店,¥69,129891,50014,是,否
2026-05,9,【孙颖莎推荐】半亩花田控油蓬松洗发水洗头膏护发素防断发留香XF,https://haohuo.jinritemai.com/ecommerce/trade/detail/index.html?id=3727286638133510266,半亩花田/Little Dream Garden,个人护理>洗发护发>洗发水,半亩花田洗护发旗舰店,¥74,121791,45666,是,否
2026-05,10,【梦洁专属】Roye净澈控油蓬松洗发水380ml2瓶装,https://haohuo.jinritemai.com/ecommerce/trade/detail/index.html?id=3822400207283421598,若也/Roye,个人护理>洗发护发>洗发水,Roye若也个人护理旗舰店,¥266,119447,13601,是,否
2026-05,11,【平台限时补贴随时失效】康王控油去屑二硫化硒洗发水,https://haohuo.jinritemai.com/ecommerce/trade/detail/index.html?id=3820903907182379135,康王,个人护理>洗发护发>洗发水,康王官方旗舰店,¥122,119264,28449,是,否
2026-05,12,【免费试用】韩束防脱固发修护洗发水焕活肽清洁防断固发去油,https://haohuo.jinritemai.com/ecommerce/trade/detail/index.html?id=3784942113867825718,韩束/KANS,个人护理>洗发护发>洗发水,韩束洗护官方旗舰店,¥69,112161,43777,是,否
2026-05,13,EHD防脱防断洗发水控油固发蓬松植萃正品洗发露洗头膏留香护发,https://haohuo.jinritemai.com/ecommerce/trade/detail/index.html?id=3606783790963375116,EHD,个人护理>洗发护发>洗发水,,￥91-123,111316,27308,是,否
2026-05,14,【官方旗舰店】谷甸洗发水12种氨基酸蓬松控油去屑止痒柔顺滋养洗护,https://haohuo.jinritemai.com/ecommerce/trade/detail/index.html?id=3712218943688147012,谷甸,个人护理>洗发护发>洗发水,谷甸官方旗舰店,¥76,109316,37283,是,否
2026-05,15,海飞丝洗发水去屑柔顺保湿洗发露芳香护发男女家庭装官方旗舰店,https://haohuo.jinritemai.com/ecommerce/trade/detail/index.html?id=3816107981385367773,海飞丝/head&shoulders,个人护理>洗发护发>洗发水,海飞丝官方旗舰店,¥140,102489,19102,是,否
2026-05,16,新升级 2.0夏伯雅莲依兰香洗发水多肽精油香氛控油去屑防断发666g,https://haohuo.jinritemai.com/ecommerce/trade/detail/index.html?id=3710178975906136326,夏伯雅莲,个人护理>洗发护发>洗发水,夏伯雅莲官方旗舰店,¥55,102357,46872,是,否
2026-05,17,歌拉丝歌GELASIGE碳量子点控油蓬松洗发乳溶油 4.0版@,https://haohuo.jinritemai.com/ecommerce/trade/detail/index.html?id=3761907411762413907,歌拉丝歌/GELASIGE,个人护理>洗发护发>洗发水,歌拉丝歌官方旗舰店,¥40,99896,58435,是,否
2026-05,18,墨见【植物萃取+养发护发】淘米水何首乌侧柏叶人参草本洗发水450ML,https://haohuo.jinritemai.com/ecommerce/trade/detail/index.html?id=3810336917548040489,墨见,个人护理>洗发护发>洗发水,墨见洗护发旗舰店,¥72,93423,32231,是,否
2026-05,19,【中国科学院博士】初葵赋活强韧洗发水 防断发控油蓬松去屑洗发水,https://haohuo.jinritemai.com/ecommerce/trade/detail/index.html?id=3806865621908586679,初葵,个人护理>洗发护发>洗发水,初葵洗护清洁旗舰店,¥109,92652,20727,是,否
2026-05,20,【全新升级2.0】Spes诗裴丝多肽精华蓬松控油洗发水500ml,https://haohuo.jinritemai.com/ecommerce/trade/detail/index.html?id=3806079453889691895,诗裴丝/Spes,个人护理>洗发护发>洗发水,spes诗裴丝个人护理旗舰店,¥173,91380,13747,是,否
2026-05,21,【补贴马上失效】【头屑头痒红包包】康王控油去屑二硫化硒洗发水,https://haohuo.jinritemai.com/ecommerce/trade/detail/index.html?id=3722054236377317436,康王,个人护理>洗发护发>洗发水,康王官方旗舰店,¥119,89923,18479,是,否
2026-05,22,【宋佳推荐】Spes多肽蓬蓬瓶控油蓬松洗发水去屑柔顺高颅顶清洁dt,https://haohuo.jinritemai.com/ecommerce/trade/detail/index.html?id=3705539432066187551,诗裴丝/Spes,个人护理>洗发护发>洗发水,SPES诗裴丝官方旗舰店,¥176,87085,12544,是,否
2026-05,23,康王-二硫化硒控油洗发水+腺苷防脱洗发水,https://haohuo.jinritemai.com/ecommerce/trade/detail/index.html?id=3588643982437137166,康王,个人护理>洗发护发>洗发水,康王官方旗舰店,￥29-118,81575,16439,是,否
2026-05,24,【明星郑晓宁推荐】科芮实验室二硫化硒去屑止痒控油蓬松洗发水,https://haohuo.jinritemai.com/ecommerce/trade/detail/index.html?id=3811619141455052957,科芮实验室,个人护理>洗发护发>洗发水,科芮实验室洗护清洁旗舰店,¥117,81165,16315,是,否
2026-05,25,【专攻脱发】守住你的发量 白桦树汁原液 防脱洗发水,https://haohuo.jinritemai.com/ecommerce/trade/detail/index.html?id=3793728384199164004,白桦依然,个人护理>洗发护发>洗发水,白桦依然个人护理旗舰店,¥68,81086,27801,是,否
2026-05,26,【半亩花田】自在轻盈洗发水+活力去屑洗发水 500g*3 WL7,https://haohuo.jinritemai.com/ecommerce/trade/detail/index.html?id=3818478990222557237,半亩花田/Little Dream Garden,个人护理>洗发护发>洗发水,半亩花田官方旗舰店,¥89,72934,19914,是,否
2026-05,27,【二硫化硒洗发水】质润二硫化硒洗发水去屑控油止痒蓬松大容量【DB】,https://haohuo.jinritemai.com/ecommerce/trade/detail/index.html?id=3656885111745585533,质润/ZRVIVE,个人护理>洗发护发>洗发水,质润官方旗舰店,￥63-101,71601,17195,是,否
2026-05,28,【COCO温峥嵘力荐】KYOCA/极方控油修护防脱洗护洗发水持久留香蓬松,https://haohuo.jinritemai.com/ecommerce/trade/detail/index.html?id=3745743845565006252,极方/KYOCA,个人护理>洗发护发>洗发水,KYOCA极方官方旗舰店,¥148,71600,12396,是,否
2026-05,29,珀莱雅旗下惊时洗发水2.0大小油头分型控油洗头膏控油蓬松,https://haohuo.jinritemai.com/ecommerce/trade/detail/index.html?id=3691240474531726211,惊时/Awaken Seeds,个人护理>洗发护发>洗发水,惊时Awaken Seeds官方旗舰店,¥79,71340,21134,是,否
2026-05,30,【免费试用】韩束防脱固发修护洗发水焕活肽防断防掉去油滋养,https://haohuo.jinritemai.com/ecommerce/trade/detail/index.html?id=3801817351708606635,韩束/KANS,个人护理>洗发护发>洗发水,韩束洗护官方旗舰店,¥61,69540,27379,是,否
2026-05,31,【云南白药】养元青防脱头皮护理精华液组合防脱健发D-TZ,https://haohuo.jinritemai.com/ecommerce/trade/detail/index.html?id=3820926006886268932,养元青/YANGYUANQING,个人护理>洗发护发>洗发水,养元青洗护发旗舰店,¥175,69158,10236,是,否
2026-05,32,【央妈同款】【脱发 断发选】拜耳康王腺苷防脱洗发水 能防脱 能防断,https://haohuo.jinritemai.com/ecommerce/trade/detail/index.html?id=3648389122994898370,康王,个人护理>洗发护发>洗发水,康王官方旗舰店,￥96-228,65310,9436,是,否
2026-05,33,阿道夫香氛精油洗发水清爽控油去屑蓬松止痒柔顺洗护套装男女正品,https://haohuo.jinritemai.com/ecommerce/trade/detail/index.html?id=3526483939751523689,阿道夫/ADOLPH,个人护理>洗发护发>洗发水,,￥34-77,64271,18302,是,是
2026-05,34,【专注防脱】2盒-苗甄堂草本防脱洗发水-固发控油去屑-LH,https://haohuo.jinritemai.com/ecommerce/trade/detail/index.html?id=3707399371957076455,育草堂,个人护理>洗发护发>洗发水,量鉑甄选养发,¥65,64187,24306,是,否
2026-05,35,海飞丝洗发水丝质柔滑保湿清洁洗发露男女士家庭装官方正品旗舰店,https://haohuo.jinritemai.com/ecommerce/trade/detail/index.html?id=3814220033970798607,海飞丝/head&shoulders,个人护理>洗发护发>洗发水,海飞丝官方旗舰店,¥140,64039,11409,是,否
2026-05,36,泰国原装进口泰国黑姜滋养祛屑洗发露+人参根+何首乌滋养控油JQZB,https://haohuo.jinritemai.com/ecommerce/trade/detail/index.html?id=3818888989805510822,懿美博士/Dr.emiser,个人护理>洗发护发>洗发水,Dr.emiser懿美博士个人护理旗舰店,¥100,62842,14738,是,否
2026-05,37,秀鹤颜【拍一发二】人参侧柏叶防脱洗发水强韧发丝控油去屑防断发-S,https://haohuo.jinritemai.com/ecommerce/trade/detail/index.html?id=3777521305981681769,秀鹤颜,个人护理>洗发护发>洗发水,秀鹤颜个人护理旗舰店,¥19,60662,65218,是,否
2026-05,38,《小园子专属》蓝胖子轻盈蓬松洗发水（蓬松轻盈）妍,https://haohuo.jinritemai.com/ecommerce/trade/detail/index.html?id=3688293948700360865,'-,个人护理>洗发护发>洗发水,妍妍的服装销售店,¥159,59686,9425,是,否
2026-05,39,【含赠品到手2瓶】增强版防脱健发固发头皮护理精华草本养发液HZS1,https://haohuo.jinritemai.com/ecommerce/trade/detail/index.html?id=3799252642035794093,森之宣言,个人护理>洗发护发>洗发水,森之宣言化妆品旗舰店,¥57,59275,24501,是,否
2026-05,40,【陈都灵推荐】100年润发冷萃国风洗发水持久控油高颅顶柔顺养护ZY,https://haohuo.jinritemai.com/ecommerce/trade/detail/index.html?id=3741931261162291482,100年润发/CENTAINE,个人护理>洗发护发>洗发水,100年润发官方旗舰店,¥57,59264,24576,是,否
2026-05,41,云开东方十八味中草植物萃取蓬松控油防断发护发养发洗发粉侧柏叶,https://haohuo.jinritemai.com/ecommerce/trade/detail/index.html?id=3721128316497953227,云开东方,个人护理>洗发护发>洗发水,云开东方,¥62,59096,20839,是,否
2026-05,42,【达人短视频】SHEVEU赛逸硫化硒去屑洗发水控油止痒清爽蓬松修护,https://haohuo.jinritemai.com/ecommerce/trade/detail/index.html?id=3614820388787355526,sheveu,个人护理>洗发护发>洗发水,,￥55-95,58962,28828,是,否
2026-05,43,Gsirjyyp【油+掉】沙棘氨基酸蓬松控油洗发水洗头膏洗头500ml/瓶,https://haohuo.jinritemai.com/ecommerce/trade/detail/index.html?id=3773049843329663370,Gsirjyyp,个人护理>洗发护发>洗发水,Gsirjyyp个护用品旗舰店,¥48,58149,27307,是,否
2026-05,44,【头油头屑头痒】康王控油去屑蓝瓶二硫化硒洗发水,https://haohuo.jinritemai.com/ecommerce/trade/detail/index.html?id=3601034611074939600,康王,个人护理>洗发护发>洗发水,康王官方旗舰店,¥134,57049,10130,是,否
2026-05,45,【邓亚萍推荐】KONO控油蓬松洗发水持久留香奢护黑标小K瓶,https://haohuo.jinritemai.com/ecommerce/trade/detail/index.html?id=3602523489405378255,KONO,个人护理>洗发护发>洗发水,KONO官方旗舰店,￥119-129,56967,10479,是,否
2026-05,46,【达人专属】薇姿洗发水薇姿绿标二硫化硒洗发水 去屑 男女士洗发水,https://haohuo.jinritemai.com/ecommerce/trade/detail/index.html?id=3631100528525755336,薇姿/Vichy,个人护理>洗发护发>洗发水,,￥63-124,56592,9923,是,否
2026-05,47,【露思推荐】自然堂蓝瓶洗发水控油蓬松留香赵露思同款洗发水露膏夏,https://haohuo.jinritemai.com/ecommerce/trade/detail/index.html?id=3702740137629843647,自然堂/CHANDO,个人护理>洗发护发>洗发水,自然堂个人护理旗舰店,¥40,56503,30741,是,否
2026-05,48,海飞丝洗发水去屑柔顺保湿洗发露芳香护发男女家庭装官方旗舰店,https://haohuo.jinritemai.com/ecommerce/trade/detail/index.html?id=3816100957008298013,海飞丝/head&shoulders,个人护理>洗发护发>洗发水,海飞丝官方旗舰店,¥140,55244,9540,是,否
2026-05,49,【张新成代言】馥绿德雅白珠固发防脱洗发水控油蓬松伊能静同款ZB,https://haohuo.jinritemai.com/ecommerce/trade/detail/index.html?id=3714590583759700210,馥绿德雅/Rene Furterer,个人护理>洗发护发>洗发水,,￥22-508,55217,4087,是,否
2026-05,50,【国庆出游季】海洋至尊男士控油洗发水蓬松持久留香净屑止痒洗头膏,https://haohuo.jinritemai.com/ecommerce/trade/detail/index.html?id=3607413321499859111,海洋至尊,个人护理>洗发护发>洗发水,,￥75-77,54725,15843,是,否
2026-05,51,【董璇同款 传承红瑶技艺】瑶品淘米草本原浆洗发无硅无醇控油去屑1,https://haohuo.jinritemai.com/ecommerce/trade/detail/index.html?id=3797726534995935531,瑶品,个人护理>洗发护发>洗发水,瑶品官方旗舰店,¥70,54323,16901,是,否
2026-05,52,养元青姜芬洗发水500ml+普洱茶香洗发水500ml D-YH-z,https://haohuo.jinritemai.com/ecommerce/trade/detail/index.html?id=3814235968433684730,养元青/YANGYUANQING,个人护理>洗发护发>洗发水,养元青官方旗舰店,¥78,53260,14867,是,否
2026-05,53,故事树【持证防脱】防脱洗发露 拍一发二-HZA,https://haohuo.jinritemai.com/ecommerce/trade/detail/index.html?id=3784960412626322073,故事树,个人护理>洗发护发>洗发水,故事树化妆品旗舰店,¥56,53069,19872,是,否
2026-05,54,丝颜悦色 香氛护发素380ml 8月,https://haohuo.jinritemai.com/ecommerce/trade/detail/index.html?id=3564469324674681884,丝颜悦色,个人护理>洗发护发>洗发水,丝颜悦色旗舰店,¥95,51247,11962,是,否
2026-05,55,科芮实验室二硫化硒去屑止痒控油蓬松洗发水,https://haohuo.jinritemai.com/ecommerce/trade/detail/index.html?id=3820396680243708018,科芮实验室,个人护理>洗发护发>洗发水,科芮实验室洗护清洁旗舰店,¥117,50932,9906,是,否
2026-05,56,Off&Relax蓬松&蓬盈洗发水2.0洗发水清爽零压瓶控油,https://haohuo.jinritemai.com/ecommerce/trade/detail/index.html?id=3601821109571430348,Off&Relax,个人护理>洗发护发>洗发水,Off&Relax官方旗舰店,￥95-205,49925,11437,是,否
2026-05,57,DR. EMISER 懿美博士黑姜滋养祛屑洗发露洗发水套装GL,https://haohuo.jinritemai.com/ecommerce/trade/detail/index.html?id=3817956093011820673,懿美博士/Dr.emiser,个人护理>洗发护发>洗发水,泰臻好物,¥99,48673,11085,是,是
2026-05,58,白云山二硫化硒去屑洗发水男士女士止痒控油蓬松持久无硅油,https://haohuo.jinritemai.com/ecommerce/trade/detail/index.html?id=3664152447766685302,白云山,个人护理>洗发护发>洗发水,白云山香薰旗舰店,¥48,48567,20485,是,否
2026-05,59,【孙颖莎专属】半亩花田控油蓬松防断发洗发水持久留香护发素XF,https://haohuo.jinritemai.com/ecommerce/trade/detail/index.html?id=3725779345189503295,半亩花田/Little Dream Garden,个人护理>洗发护发>洗发水,半亩花田洗护发旗舰店,¥76,48225,13634,是,否
2026-05,60,【免费试用！洗+洗】韩束3D超蓬瓶控油去屑芳香护发防断洗发水,https://haohuo.jinritemai.com/ecommerce/trade/detail/index.html?id=3784951895546790129,韩束/KANS,个人护理>洗发护发>洗发水,韩束洗护官方旗舰店,¥62,48152,16214,是,否
2026-05,61,昔色洗发水控油蓬松清爽洗发露持久留香洗头膏清爽柔顺大容量推荐,https://haohuo.jinritemai.com/ecommerce/trade/detail/index.html?id=3747230479900868907,昔色/XISE,个人护理>洗发护发>洗发水,昔色洗护发旗舰店,¥40,47597,25457,是,否
2026-05,62,ALVANXIU摩玉香双蛋白去屑止痒控油洗发水蓬松烟酰胺,https://haohuo.jinritemai.com/ecommerce/trade/detail/index.html?id=3743561450308895095,阿梵俢/ALVANXIU,个人护理>洗发护发>洗发水,摩玉香1号企业店,¥78,47580,12954,是,否
2026-05,63,【朱梓骁专属】康王去屑控油二硫化硒洗发水,https://haohuo.jinritemai.com/ecommerce/trade/detail/index.html?id=3788117898594222401,康王,个人护理>洗发护发>洗发水,康王官方旗舰店,¥169,46887,6686,是,否
2026-05,64,【老爸抽检】Roye若也植萃去屑止痒洗发水洗头膏控油蓬松留香,https://haohuo.jinritemai.com/ecommerce/trade/detail/index.html?id=3560045931246276710,若也/Roye,个人护理>洗发护发>洗发水,,￥178-212,46853,8311,是,否
2026-05,65,DR. EMISER 懿美博士黑姜滋养祛屑洗发露洗发水套装HS,https://haohuo.jinritemai.com/ecommerce/trade/detail/index.html?id=3817265951729123672,懿美博士/Dr.emiser,个人护理>洗发护发>洗发水,泰臻好物,¥98,46648,10413,是,是
2026-05,66,【控油+防脱】康王-二硫化硒控油洗发水+腺苷防脱洗发水断发发逢宽,https://haohuo.jinritemai.com/ecommerce/trade/detail/index.html?id=3789920513388839148,康王,个人护理>洗发护发>洗发水,康王官方旗舰店,¥164,46434,6733,是,否
2026-05,67,【男士控油】清扬大容量洗发水控油去屑蓬松清爽正品,https://haohuo.jinritemai.com/ecommerce/trade/detail/index.html?id=3780539068065120261,清扬/CLEAR,个人护理>洗发护发>洗发水,清扬官方旗舰店,¥69,44847,13415,是,否
2026-05,68,【于适同款】KIMTRUE且初太阳红梨氨基酸洗发水柔顺控油高颅顶,https://haohuo.jinritemai.com/ecommerce/trade/detail/index.html?id=3557492669825582323,且初/KIMTRUE,个人护理>洗发护发>洗发水,KIMTRUE且初洗护发旗舰店,¥70,44614,12979,是,否
2026-05,69,【玫瑰瓶】海飞丝控油蓬松型香氛洗发水持久留香,https://haohuo.jinritemai.com/ecommerce/trade/detail/index.html?id=3797746276678893725,海飞丝/head&shoulders,个人护理>洗发护发>洗发水,海飞丝官方旗舰店,¥82,44164,11395,是,否
2026-05,70,【夏季大促活动】520ml控油蓬松 沪兮女王燕窝蛋白肽柔顺香氛洗发乳,https://haohuo.jinritemai.com/ecommerce/trade/detail/index.html?id=3819824927763202339,沪兮女王,个人护理>洗发护发>洗发水,沪兮女王知辰护肤专卖店,¥40,43965,20833,是,否
2026-05,71,歌拉丝歌洗发乳750ml控油蓬松顺滑去屑止痒柔顺洗发水男女洗发露,https://haohuo.jinritemai.com/ecommerce/trade/detail/index.html?id=3685501367440507381,歌拉丝歌/GELASIGE,个人护理>洗发护发>洗发水,歌拉丝歌官方旗舰店,¥39,43731,20987,是,否
2026-05,72,【去屑控油】曼秀雷敦1%二硫化硒洗发水潇洒selsun清爽控油200ml/瓶,https://haohuo.jinritemai.com/ecommerce/trade/detail/index.html?id=3511628047373734844,曼秀雷敦/Mentholatum,个人护理>洗发护发>洗发水,曼秀雷敦官方旗舰店,￥67-115,43198,13893,是,否
2026-05,73,Sinhosoo仙花秀可可香氛氨基酸护发洗发乳留香柔顺丝滑洗护套装,https://haohuo.jinritemai.com/ecommerce/trade/detail/index.html?id=3730579076428202208,仙花秀/Sinhosoo,个人护理>洗发护发>洗发水,仙花秀官方旗舰店,¥58,42035,14462,是,是
2026-05,74,歌拉丝歌GELASIGE碳量子点去屑止痒洗发乳（银色山泉香）,https://haohuo.jinritemai.com/ecommerce/trade/detail/index.html?id=3746519598422425761,歌拉丝歌/GELASIGE,个人护理>洗发护发>洗发水,歌拉丝歌官方旗舰店,¥40,41542,19503,是,否
2026-05,75,【鞠婧祎同款】拉芳发芯修护洗发水防断控油洗发膏清爽蓬松强韧洗护,https://haohuo.jinritemai.com/ecommerce/trade/detail/index.html?id=3686407453118955655,拉芳,个人护理>洗发护发>洗发水,拉芳官方旗舰店,￥47-60,41242,16902,是,否
2026-05,76,【双十一勿动】Roye若也洗发水 按压大容量380ml控油去屑蓬松不扁塌,https://haohuo.jinritemai.com/ecommerce/trade/detail/index.html?id=3780847781757976818,若也/Roye,个人护理>洗发护发>洗发水,Roye若也个人护理旗舰店,¥170,41141,5535,是,否
2026-05,77,【植物养发】新疆乌斯曼草侧柏叶精华草本植萃洗发皂液柔顺洗发水,https://haohuo.jinritemai.com/ecommerce/trade/detail/index.html?id=3793471476611547324,纳罗娜,个人护理>洗发护发>洗发水,纳罗娜Naluona,¥46,41129,17240,是,否
2026-05,78,三个魔发匠【可比落】防脱精华洗发乳养发控油蓬松洗发水男女通用-1,https://haohuo.jinritemai.com/ecommerce/trade/detail/index.html?id=3588277011757585853,三个魔发匠,个人护理>洗发护发>洗发水,三个魔发匠荣橙个护用品专卖店,¥67,40792,12293,是,否
2026-05,79,黛青丝【持证防脱】草本防脱洗发水萃取植物精华强韧控油去屑防秃头,https://haohuo.jinritemai.com/ecommerce/trade/detail/index.html?id=3727791721967386777,黛青丝,个人护理>洗发护发>洗发水,黛青丝官方旗舰店,¥68,40528,12114,是,否
2026-05,80,【专注防脱】2盒-全新升级|苗甄堂草本防脱洗发水-固发控油去屑-MZT,https://haohuo.jinritemai.com/ecommerce/trade/detail/index.html?id=3818335703662723305,苗甄堂,个人护理>洗发护发>洗发水,秀书专注防脱养发,¥29,40370,26957,是,否
2026-06,1,【云旗同款】VOGUE VACATION×滋源独家联名包装礼盒 滋源元气水光瓶,https://haohuo.jinritemai.com/ecommerce/trade/detail/index.html?id=3819836502540681353,滋源/SEEYOUNG,个人护理>洗发护发>洗发水,滋源官方旗舰店,¥327,232746,27111,是,否
2026-06,2,【白云山】二硫化硒洗发水控油蓬松持久留香去屑止痒无硅油,https://haohuo.jinritemai.com/ecommerce/trade/detail/index.html?id=3654868800710557076,白云山,个人护理>洗发护发>洗发水,白云山香薰旗舰店,¥48,183389,107787,是,否
2026-06,3,仙花秀可可香氛氨基酸洗发水控油去屑蓬松留香升级版2.0洗护套装,https://haohuo.jinritemai.com/ecommerce/trade/detail/index.html?id=3730781674355688343,仙花秀/Sinhosoo,个人护理>洗发护发>洗发水,仙花秀官方旗舰店,¥58,165160,81784,是,是
2026-06,4,【直播间领券下单】长发小寨淘米水洗发水防脱固发滋养发根控油sh,https://haohuo.jinritemai.com/ecommerce/trade/detail/index.html?id=3715385328777953559,长发小寨,个人护理>洗发护发>洗发水,长发小寨官方旗舰店,¥117,153439,38644,是,否
2026-06,5,【免费试用】韩束防脱固发修护洗发水焕活肽清洁防断固发去油,https://haohuo.jinritemai.com/ecommerce/trade/detail/index.html?id=3784942113867825718,韩束/KANS,个人护理>洗发护发>洗发水,韩束洗护官方旗舰店,¥68,149010,60022,是,否
2026-06,6,【拍1发3】小灵树.防.脱加强-植萃防.脱固发洗发水,https://haohuo.jinritemai.com/ecommerce/trade/detail/index.html?id=3789751515074396326,小灵树,个人护理>洗发护发>洗发水,小灵树堇扬个人护理专卖店,¥69,140198,55096,是,否
2026-06,7,【中国科学院博士】初葵赋活强韧洗发水 防断发控油蓬松去屑洗发水,https://haohuo.jinritemai.com/ecommerce/trade/detail/index.html?id=3806865621908586679,初葵,个人护理>洗发护发>洗发水,初葵洗护清洁旗舰店,¥109,123384,32491,是,否
2026-06,8,【金秋限定桂花香！洗+洗】韩束3D超蓬瓶洗发水控油去屑护发防断芳香,https://haohuo.jinritemai.com/ecommerce/trade/detail/index.html?id=3723388100739727516,韩束/KANS,个人护理>洗发护发>洗发水,韩束官方旗舰店,¥64,118305,49485,是,否
2026-06,9,EHD防脱防断洗发水控油固发蓬松植萃正品洗发露洗头膏留香护发,https://haohuo.jinritemai.com/ecommerce/trade/detail/index.html?id=3606783790963375116,EHD,个人护理>洗发护发>洗发水,,￥83-139,116882,31346,是,否
2026-06,10,【中国科学院化学博士】科芮实验室二硫化硒去屑止痒控油蓬松洗发水,https://haohuo.jinritemai.com/ecommerce/trade/detail/index.html?id=3823672705195049187,科芮实验室,个人护理>洗发护发>洗发水,科芮实验室洗护清洁旗舰店,¥86,114995,36253,是,否
2026-06,11,娜帕蒂卡柔顺洗发水护发高级控油蓬松持久留香推荐官方旗舰店直播,https://haohuo.jinritemai.com/ecommerce/trade/detail/index.html?id=3586739389851653588,娜帕蒂卡/napattiga,个人护理>洗发护发>洗发水,,￥62-76,108794,38912,是,否
2026-06,12,魔香双重特证防脱洗发水人参生姜根固发防断发去屑强韧洗发乳ZB,https://haohuo.jinritemai.com/ecommerce/trade/detail/index.html?id=3756405640352891301,魔香/MCHOIX,个人护理>洗发护发>洗发水,魔香官方旗舰店,¥142,106372,19897,是,否
2026-06,13,歌拉丝歌GELASIGE碳量子点控油蓬松洗发乳溶油 4.0版@,https://haohuo.jinritemai.com/ecommerce/trade/detail/index.html?id=3761907411762413907,歌拉丝歌/GELASIGE,个人护理>洗发护发>洗发水,歌拉丝歌官方旗舰店,¥40,105438,64404,是,否
2026-06,14,白云山二硫化硒去屑洗发水控油蓬松止痒洗头膏家庭专用,https://haohuo.jinritemai.com/ecommerce/trade/detail/index.html?id=3763740089423888817,白云山,个人护理>洗发护发>洗发水,白云山香薰旗舰店,¥40,99025,57754,是,否
2026-06,15,三个魔发匠【可比落】防脱精华洗发乳养发控油蓬松洗发水男女通用-1,https://haohuo.jinritemai.com/ecommerce/trade/detail/index.html?id=3588277011757585853,三个魔发匠,个人护理>洗发护发>洗发水,三个魔发匠荣橙个护用品专卖店,¥76,98524,32882,是,否
2026-06,16,墨见【植物萃取+养发护发】淘米水何首乌侧柏叶人参草本洗发水450ML,https://haohuo.jinritemai.com/ecommerce/trade/detail/index.html?id=3810336917548040489,墨见,个人护理>洗发护发>洗发水,墨见洗护发旗舰店,¥78,98209,31774,是,否
2026-06,17,拜耳康王防脱控油蓬松400ml*2瓶 防脱防断 洗出蓬蓬发,https://haohuo.jinritemai.com/ecommerce/trade/detail/index.html?id=3789805829188878758,康王,个人护理>洗发护发>洗发水,康王官方旗舰店,¥277,98145,10011,是,否
2026-06,18,海飞丝洗发水丝质柔滑保湿清洁洗发露男女士家庭装官方正品旗舰店,https://haohuo.jinritemai.com/ecommerce/trade/detail/index.html?id=3814220033970798607,海飞丝/head&shoulders,个人护理>洗发护发>洗发水,海飞丝官方旗舰店,¥140,93948,17058,是,否
2026-06,19,【官方正品】EHD防脱防断洗发水去屑控油柔顺控油丝滑护发官方正品,https://haohuo.jinritemai.com/ecommerce/trade/detail/index.html?id=3742124556257722682,EHD,个人护理>洗发护发>洗发水,EHD官方旗舰店,¥153,91914,15204,是,否
2026-06,20,【正品康王】康王控油去屑二硫化硒洗发水清爽洗发露止痒舒缓洗发剂,https://haohuo.jinritemai.com/ecommerce/trade/detail/index.html?id=3676413478517735722,康王,个人护理>洗发护发>洗发水,康王官方旗舰店,¥127,90967,17805,是,否
2026-06,21,【国庆出游季】海洋至尊男士控油洗发水蓬松持久留香净屑止痒洗头膏,https://haohuo.jinritemai.com/ecommerce/trade/detail/index.html?id=3607413321499859111,海洋至尊,个人护理>洗发护发>洗发水,,￥75-84,90245,27132,是,否
2026-06,22,法国klorane康如金鸡纳防脱洗发水400ml*3+25ml-DB,https://haohuo.jinritemai.com/ecommerce/trade/detail/index.html?id=3819452307146408562,康如/KLORANE,个人护理>洗发护发>洗发水,KLORANE康如官方旗舰店,¥186,90172,12625,是,否
2026-06,23,【含赠品到手2瓶】增强版防脱健发固发头皮护理精华草本养发液HZS1,https://haohuo.jinritemai.com/ecommerce/trade/detail/index.html?id=3799252642035794093,森之宣言,个人护理>洗发护发>头皮护理,森之宣言化妆品旗舰店,¥58,88443,35536,否,否
2026-06,24,【官方旗舰店】谷甸洗发水12种氨基酸蓬松控油去屑止痒柔顺滋养洗护,https://haohuo.jinritemai.com/ecommerce/trade/detail/index.html?id=3712218943688147012,谷甸,个人护理>洗发护发>洗发水,谷甸官方旗舰店,¥77,87716,28297,是,否
2026-06,25,养元青姜芬洗发水500ml+普洱茶香洗发水500ml D-YH-z,https://haohuo.jinritemai.com/ecommerce/trade/detail/index.html?id=3814235968433684730,养元青/YANGYUANQING,个人护理>洗发护发>洗发水,养元青官方旗舰店,¥78,84858,26775,是,否
2026-06,26,新升级 2.0夏伯雅莲依兰香洗发水多肽精油香氛控油去屑防断发666g,https://haohuo.jinritemai.com/ecommerce/trade/detail/index.html?id=3710178975906136326,夏伯雅莲,个人护理>洗发护发>洗发水,夏伯雅莲官方旗舰店,¥55,82770,34319,是,否
2026-06,27,【专注防脱】2盒-苗甄堂草本防脱洗发水-固发控油去屑-LH,https://haohuo.jinritemai.com/ecommerce/trade/detail/index.html?id=3707399371957076455,育草堂,个人护理>洗发护发>洗发水,量鉑甄选养发,¥66,82709,29373,是,否
2026-06,28,【孙颖莎代言】半亩花田防脱洗发水控油蓬松防脱精华发膜防掉固发FT,https://haohuo.jinritemai.com/ecommerce/trade/detail/index.html?id=3820247818715660318,半亩花田/Little Dream Garden,个人护理>洗发护发>洗发水,半亩花田美容美发旗舰店,¥95,82445,19989,是,否
2026-06,29,固然堂【李若彤代言】固然堂防脱洗发水草本萃取强韧固发持证防脱,https://haohuo.jinritemai.com/ecommerce/trade/detail/index.html?id=3660056146330434616,固然堂,个人护理>洗发护发>洗发水,固然堂官方旗舰店,￥53-90,81627,26566,是,否
2026-06,30,【孙颖莎推荐】半亩花田控油蓬松洗发水洗头膏护发素防断发留香XF,https://haohuo.jinritemai.com/ecommerce/trade/detail/index.html?id=3781060010956685530,半亩花田/Little Dream Garden,个人护理>洗发护发>洗发水,半亩花田洗护发旗舰店,¥61,81148,30586,是,否
2026-06,31,阿道夫天然香控油蓬松洗发露【仁汇优品G】,https://haohuo.jinritemai.com/ecommerce/trade/detail/index.html?id=3825940368361390351,阿道夫/ADOLPH,个人护理>洗发护发>洗发水,阿道夫官方旗舰店,¥99,72422,17935,是,否
2026-06,32,【祎路绽放】拉芳第一枝玫瑰香氛洗发水强韧防断发清爽控油蓬松,https://haohuo.jinritemai.com/ecommerce/trade/detail/index.html?id=3802763971048636586,拉芳,个人护理>洗发护发>洗发水,拉芳官方旗舰店,¥259,71567,7688,是,否
2026-06,33,【COCO温峥嵘力荐】KYOCA/极方控油修护防脱洗护洗发水持久留香蓬松,https://haohuo.jinritemai.com/ecommerce/trade/detail/index.html?id=3745743845565006252,极方/KYOCA,个人护理>洗发护发>洗发水,KYOCA极方官方旗舰店,¥156,70145,11611,是,否
2026-06,34,【男士控油】清扬大容量洗发水控油去屑蓬松清爽正品,https://haohuo.jinritemai.com/ecommerce/trade/detail/index.html?id=3780539068065120261,清扬/CLEAR,个人护理>洗发护发>洗发水,清扬官方旗舰店,¥70,69129,24854,是,否
2026-06,35,【爆款蓬蓬瓶】Spes多肽精华控油蓬松洗发水高颅顶柔顺留香dt,https://haohuo.jinritemai.com/ecommerce/trade/detail/index.html?id=3458907217833653444,诗裴丝/Spes,个人护理>洗发护发>洗发水,SPES诗裴丝官方旗舰店,¥172,69079,10366,是,否
2026-06,36,【云旗同款】VOGUE VACATION×滋源独家联名包装礼盒 滋源元气水光瓶,https://haohuo.jinritemai.com/ecommerce/trade/detail/index.html?id=3819837836077695210,滋源/SEEYOUNG,个人护理>洗发护发>洗发水,滋源官方旗舰店,¥328,67166,5747,是,否
2026-06,37,【孙颖莎推荐】半亩花田控油蓬松洗发水洗头膏护发素防断发留香XF,https://haohuo.jinritemai.com/ecommerce/trade/detail/index.html?id=3727286638133510266,半亩花田/Little Dream Garden,个人护理>洗发护发>洗发水,半亩花田洗护发旗舰店,¥75,67139,20726,是,否
2026-06,38,【张新成代言】馥绿德雅白珠固发防脱洗发水控油蓬松修护滋养ZB,https://haohuo.jinritemai.com/ecommerce/trade/detail/index.html?id=3683069922096840859,馥绿德雅/Rene Furterer,个人护理>洗发护发>洗发水,,￥135-194,66685,5810,是,否
2026-06,39,《全新升级专注防脱》2瓶【苗甄堂】草本防脱发洗发水lh 控油 去屑,https://haohuo.jinritemai.com/ecommerce/trade/detail/index.html?id=3816517061971148873,苗甄堂,个人护理>洗发护发>洗发水,秀书专注防脱养发,¥39,64523,36656,是,否
2026-06,40,【拍1发3】小灵树.防.脱加强-植萃防.脱固发洗发水,https://haohuo.jinritemai.com/ecommerce/trade/detail/index.html?id=3809032553227223823,小灵树,个人护理>洗发护发>洗发水,小灵树蓉瑾洗护店,¥69,63836,20761,是,否
2026-06,41,【鞠婧祎同款】拉芳发芯修护洗发水防断控油洗发膏清爽蓬松强韧洗护,https://haohuo.jinritemai.com/ecommerce/trade/detail/index.html?id=3686407453118955655,拉芳,个人护理>洗发护发>洗发水,拉芳官方旗舰店,￥47-59,63518,30895,是,否
2026-06,42,秀鹤颜【拍一发二】人参侧柏叶防脱洗发水强韧发丝控油去屑防断发-S,https://haohuo.jinritemai.com/ecommerce/trade/detail/index.html?id=3777521305981681769,秀鹤颜,个人护理>洗发护发>洗发水,秀鹤颜个人护理旗舰店,¥20,60343,64370,是,否
2026-06,43,【孙颖莎推荐】半亩花田控油蓬松洗发水洗头膏护发素防断发留香XF,https://haohuo.jinritemai.com/ecommerce/trade/detail/index.html?id=3756145842109677837,半亩花田/Little Dream Garden,个人护理>洗发护发>洗发水,半亩花田洗护发旗舰店,¥53,60213,26634,是,否
2026-06,44,【双11囤货机制！2瓶洗发水+1罐发膜】谷甸12种氨基酸洗护组过敏包退,https://haohuo.jinritemai.com/ecommerce/trade/detail/index.html?id=3748914759773323395,谷甸,个人护理>洗发护发>洗发水,谷甸官方旗舰店,¥80,58873,16620,是,否
2026-06,45,阿道夫香氛精油洗发水清爽控油去屑蓬松止痒柔顺洗护套装男女正品,https://haohuo.jinritemai.com/ecommerce/trade/detail/index.html?id=3526483939751523689,阿道夫/ADOLPH,个人护理>洗发护发>洗发水,,￥32-78,56604,15226,是,是
2026-06,46,康王-二硫化硒控油洗发水+腺苷防脱洗发水,https://haohuo.jinritemai.com/ecommerce/trade/detail/index.html?id=3588643982437137166,康王,个人护理>洗发护发>洗发水,康王官方旗舰店,￥30-123,55638,11288,是,否
2026-06,47,【宋佳推荐】Spes多肽蓬蓬瓶控油蓬松洗发水去屑柔顺高颅顶清洁dt,https://haohuo.jinritemai.com/ecommerce/trade/detail/index.html?id=3705539432066187551,诗裴丝/Spes,个人护理>洗发护发>洗发水,SPES诗裴丝官方旗舰店,¥178,55222,7702,是,否
2026-06,48,海飞丝幽香馥郁香氛洗发水去屑留香官方旗舰店正品,https://haohuo.jinritemai.com/ecommerce/trade/detail/index.html?id=3787336313280266290,海飞丝/head&shoulders,个人护理>洗发护发>洗发水,海飞丝官方旗舰店,¥99,54793,12627,是,否
2026-06,49,云开东方十八味中草植物萃取蓬松控油防断发护发养发洗发粉侧柏叶,https://haohuo.jinritemai.com/ecommerce/trade/detail/index.html?id=3721128316497953227,云开东方,个人护理>洗发护发>洗发水,云开东方,¥61,54638,19252,是,否
2026-06,50,昔色洗发水控油蓬松清爽洗发露持久留香洗头膏清爽柔顺大容量推荐,https://haohuo.jinritemai.com/ecommerce/trade/detail/index.html?id=3747230479900868907,昔色/XISE,个人护理>洗发护发>洗发水,昔色洗护发旗舰店,¥39,54307,30114,是,否
2026-06,51,【董璇同款 传承红瑶技艺】瑶品淘米草本原浆洗发无硅无醇控油去屑1,https://haohuo.jinritemai.com/ecommerce/trade/detail/index.html?id=3797726534995935531,瑶品,个人护理>洗发护发>洗发水,瑶品官方旗舰店,¥69,54246,17120,是,否
2026-06,52,【曾sir专属】养元青蓬松强韧防脱洗发水+精华液+护发素D-ZS-z,https://haohuo.jinritemai.com/ecommerce/trade/detail/index.html?id=3823334671924723754,养元青/YANGYUANQING,个人护理>洗发护发>洗发水,养元青官方旗舰店,¥241,54217,5745,是,否
2026-06,53,【穆祉丞同款】精华洗发水专项守护套装,https://haohuo.jinritemai.com/ecommerce/trade/detail/index.html?id=3824506622445748601,清扬/CLEAR,个人护理>洗发护发>洗发水,清扬官方旗舰店,¥278,53016,5004,是,是
2026-06,54,Gsirjyyp【油+掉】沙棘氨基酸蓬松控油洗发水洗头膏洗头500ml/瓶,https://haohuo.jinritemai.com/ecommerce/trade/detail/index.html?id=3773049843329663370,Gsirjyyp,个人护理>洗发护发>洗发水,Gsirjyyp个护用品旗舰店,¥48,51937,24124,是,否
2026-06,55,【云南白药】养元青蓬松强韧防脱洗发水+普洱茶香洗发水D-DF-z,https://haohuo.jinritemai.com/ecommerce/trade/detail/index.html?id=3827440626232853384,养元青/YANGYUANQING,个人护理>洗发护发>洗发水,养元青官方旗舰店,¥80,51778,14198,是,否
2026-06,56,【官方正品&商超严选】多肽洗发水控油蓬松去屑持久留香洗头膏男女,https://haohuo.jinritemai.com/ecommerce/trade/detail/index.html?id=3634137581672862999,爱兰歌娜/Algn,个人护理>洗发护发>洗发水,,￥24-28,50608,40396,是,否
2026-06,57,【免费试用】韩束防脱固发修护洗发水焕活肽清洁防断固发,https://haohuo.jinritemai.com/ecommerce/trade/detail/index.html?id=3784963975159089316,韩束/KANS,个人护理>洗发护发>洗发水,韩束洗护官方旗舰店,¥67,50420,16002,是,否
2026-06,58,【央妈同款】【脱发 断发选】拜耳康王腺苷防脱洗发水 能防脱 能防断,https://haohuo.jinritemai.com/ecommerce/trade/detail/index.html?id=3648389122994898370,康王,个人护理>洗发护发>洗发水,康王官方旗舰店,￥122-156,50396,7611,是,否
2026-06,59,【达人短视频】SHEVEU赛逸硫化硒去屑洗发水控油止痒清爽蓬松修护,https://haohuo.jinritemai.com/ecommerce/trade/detail/index.html?id=3614820388787355526,sheveu,个人护理>洗发护发>洗发水,,￥58-105,49978,19215,是,否
2026-06,60,故事树【持证防脱】防脱洗发露 拍一发二-HZA,https://haohuo.jinritemai.com/ecommerce/trade/detail/index.html?id=3784960412626322073,故事树,个人护理>洗发护发>洗发水,故事树化妆品旗舰店,¥53,49006,19045,是,否
2026-06,61,【植物养发】新疆乌斯曼草侧柏叶精华草本植萃洗发皂液柔顺洗发水,https://haohuo.jinritemai.com/ecommerce/trade/detail/index.html?id=3793471476611547324,纳罗娜,个人护理>洗发护发>洗发水,纳罗娜Naluona,¥46,48730,21420,是,否
2026-06,62,Spes诗裴丝二硫化硒头皮净屑洗发水控油去屑300ml,https://haohuo.jinritemai.com/ecommerce/trade/detail/index.html?id=3786415588130292593,诗裴丝/Spes,个人护理>洗发护发>洗发水,spes诗裴丝个人护理旗舰店,¥78,48331,13406,是,否
2026-06,63,【油屑痒臭】康王控油去屑洗发水二硫化硒止痒舒缓修护洗发水蓝瓶,https://haohuo.jinritemai.com/ecommerce/trade/detail/index.html?id=3824654562468430323,康王,个人护理>洗发护发>洗发水,康王官方旗舰店,¥125,48294,8987,是,否
2026-06,64,【中重度脱发拍】韩束防脱固发修护洗发水腺苷焕活肽防掉去油滋养,https://haohuo.jinritemai.com/ecommerce/trade/detail/index.html?id=3801820239939895708,韩束/KANS,个人护理>洗发护发>洗发水,韩束洗护官方旗舰店,¥93,48288,11508,是,否
2026-06,65,【免费试用】韩束防脱固发修护洗发水焕活肽防断防掉去油滋养,https://haohuo.jinritemai.com/ecommerce/trade/detail/index.html?id=3801817351708606635,韩束/KANS,个人护理>洗发护发>洗发水,韩束洗护官方旗舰店,¥70,48249,14682,是,否
2026-06,66,【露思推荐】自然堂蓝瓶洗发水控油蓬松留香赵露思同款洗发水露膏夏,https://haohuo.jinritemai.com/ecommerce/trade/detail/index.html?id=3702740137629843647,自然堂/CHANDO,个人护理>洗发护发>洗发水,自然堂个人护理旗舰店,¥40,47855,25529,是,否
2026-06,67,【平台加补】白云山二硫化硒去屑止痒洗发水控油蓬松持久清爽,https://haohuo.jinritemai.com/ecommerce/trade/detail/index.html?id=3783071975660978401,白云山,个人护理>洗发护发>洗发水,白云山香薰旗舰店,¥45,46626,20592,是,否
2026-06,68,【老爸抽检】Roye若也植萃去屑止痒洗发水洗头膏控油蓬松留香,https://haohuo.jinritemai.com/ecommerce/trade/detail/index.html?id=3560045931246276710,若也/Roye,个人护理>洗发护发>洗发水,,￥156-197,46461,7940,是,否
2026-06,69,【鞠婧祎同款】拉芳第一枝玫瑰香氛洗发水防断控油清爽蓬松轻盈强韧,https://haohuo.jinritemai.com/ecommerce/trade/detail/index.html?id=3801045483867210114,拉芳,个人护理>洗发护发>洗发水,拉芳官方旗舰店,¥57,46448,16625,是,否
2026-06,70,【孙颖莎推荐】重磅首发半亩花田防脱洗发水持证防掉固发防断控油FT,https://haohuo.jinritemai.com/ecommerce/trade/detail/index.html?id=3824277524486161596,半亩花田/Little Dream Garden,个人护理>洗发护发>洗发水,半亩花田美容美发旗舰店,¥97,46296,10383,是,否
2026-06,71,《小园子专属》蓝胖子轻盈蓬松洗发水（蓬松轻盈）妍,https://haohuo.jinritemai.com/ecommerce/trade/detail/index.html?id=3688293948700360865,'-,个人护理>洗发护发>洗发水,妍妍的服装销售店,¥142,46053,7467,是,否
2026-06,72,海飞丝洗发水蓬松去屑洗发露清洁保湿护发男女官方旗舰店正品,https://haohuo.jinritemai.com/ecommerce/trade/detail/index.html?id=3799209512016151147,海飞丝/head&shoulders,个人护理>洗发护发>洗发水,海飞丝官方旗舰店,¥140,45732,7489,是,否
2026-06,73,【控油+防脱】康王-二硫化硒控油洗发水+腺苷防脱洗发水断发发逢宽,https://haohuo.jinritemai.com/ecommerce/trade/detail/index.html?id=3789920513388839148,康王,个人护理>洗发护发>洗发水,康王官方旗舰店,¥167,45358,6481,是,否
2026-06,74,【康王官方正品】康王洗发水二硫化硒去屑控油蓬松清爽止痒洗发剂,https://haohuo.jinritemai.com/ecommerce/trade/detail/index.html?id=3676339654614974926,康王,个人护理>洗发护发>洗发水,康王官方旗舰店,¥117,44823,8648,是,否
2026-06,75,【邓亚萍推荐】KONO控油蓬松洗发水持久留香奢护黑标小K瓶,https://haohuo.jinritemai.com/ecommerce/trade/detail/index.html?id=3602523489405378255,KONO,个人护理>洗发护发>洗发水,KONO官方旗舰店,￥96-112,44619,7874,是,否
2026-06,76,【陈都灵推荐】100年润发冷萃国风洗发水持久控油高颅顶柔顺养护ZY,https://haohuo.jinritemai.com/ecommerce/trade/detail/index.html?id=3741931261162291482,100年润发/CENTAINE,个人护理>洗发护发>洗发水,100年润发官方旗舰店,¥54,44594,16346,是,否
2026-06,77,【穆祉丞同款】精华洗发水全能守护套装,https://haohuo.jinritemai.com/ecommerce/trade/detail/index.html?id=3824508411324793332,清扬/CLEAR,个人护理>洗发护发>洗发水,清扬官方旗舰店,¥279,44518,4109,是,是
2026-06,78,【小橙子专属】Roye净澈控油蓬松洗发水380ml2瓶装,https://haohuo.jinritemai.com/ecommerce/trade/detail/index.html?id=3822569826128363798,若也/Roye,个人护理>洗发护发>洗发水,Roye若也个人护理旗舰店,¥246,44423,4492,是,否
2026-06,79,海飞丝洗发水去屑丝质柔滑洗发露男女士官方正品旗舰店,https://haohuo.jinritemai.com/ecommerce/trade/detail/index.html?id=3798672900857397275,海飞丝/head&shoulders,个人护理>洗发护发>洗发水,海飞丝官方旗舰店,¥140,44321,7206,是,否
2026-06,80,歌拉丝歌GELASIGE碳量子点去屑止痒洗发乳（银色山泉香）,https://haohuo.jinritemai.com/ecommerce/trade/detail/index.html?id=3746519598422425761,歌拉丝歌/GELASIGE,个人护理>洗发护发>洗发水,歌拉丝歌官方旗舰店,¥40,43796,20627,是,否
2026-07,1,【白云山】二硫化硒洗发水控油蓬松持久留香去屑止痒无硅油,https://haohuo.jinritemai.com/ecommerce/trade/detail/index.html?id=3654868800710557076,白云山,个人护理>洗发护发>洗发水,白云山香薰旗舰店,¥55,215612,117605,是,否
2026-07,2,DR. EMISER 懿美博士黑姜滋养祛屑洗发露洗发水套装JQZB1,https://haohuo.jinritemai.com/ecommerce/trade/detail/index.html?id=3831524929719894017,懿美博士/Dr.emiser,个人护理>洗发护发>洗发水,Dr.emiser懿美博士依颜专卖店,¥99,214437,68505,是,是
2026-07,3,【全新升级2.0】Spes诗裴丝多肽精华蓬松控油洗发水500ml hhj,https://haohuo.jinritemai.com/ecommerce/trade/detail/index.html?id=3831498749671243870,诗裴丝/Spes,个人护理>洗发护发>洗发水,spes诗裴丝个人护理旗舰店,¥271,202245,26979,是,否
2026-07,4,【免费试用】韩束防脱固发修护洗发水焕活肽清洁防断固发去油,https://haohuo.jinritemai.com/ecommerce/trade/detail/index.html?id=3784942113867825718,韩束/KANS,个人护理>洗发护发>洗发水,韩束洗护官方旗舰店,¥73,191093,79725,是,否
2026-07,5,仙花秀可可香氛氨基酸洗发水控油去屑蓬松留香升级版2.0洗护套装,https://haohuo.jinritemai.com/ecommerce/trade/detail/index.html?id=3730781674355688343,仙花秀/Sinhosoo,个人护理>洗发护发>洗发水,仙花秀官方旗舰店,¥59,189935,93926,是,是
2026-07,6,【中国科学院化学博士】科芮实验室二硫化硒去屑止痒控油蓬松洗发水,https://haohuo.jinritemai.com/ecommerce/trade/detail/index.html?id=3823672705195049187,科芮实验室,个人护理>洗发护发>洗发水,科芮实验室洗护清洁旗舰店,¥86,187282,66374,是,否
2026-07,7,【直播间领券下单】长发小寨淘米水洗发水防脱固发滋养发根控油sh,https://haohuo.jinritemai.com/ecommerce/trade/detail/index.html?id=3715385328777953559,长发小寨,个人护理>洗发护发>洗发水,长发小寨官方旗舰店,¥147,166054,35533,是,否
2026-07,8,固然堂【李若彤代言】固然堂防脱洗发水草本萃取强韧固发持证防脱,https://haohuo.jinritemai.com/ecommerce/trade/detail/index.html?id=3660056146330434616,固然堂,个人护理>洗发护发>洗发水,固然堂官方旗舰店,￥65-82,146168,50814,是,否
2026-07,9,【爆款蓬蓬瓶】Spes多肽精华控油蓬松洗发水高颅顶柔顺留香dt,https://haohuo.jinritemai.com/ecommerce/trade/detail/index.html?id=3458907217833653444,诗裴丝/Spes,个人护理>洗发护发>洗发水,SPES诗裴丝官方旗舰店,¥197,137589,20200,是,否
2026-07,10,【免费试用】韩束防脱固发修护洗发水焕活肽防断防掉去油滋养,https://haohuo.jinritemai.com/ecommerce/trade/detail/index.html?id=3801817351708606635,韩束/KANS,个人护理>洗发护发>洗发水,韩束洗护官方旗舰店,¥74,132272,48235,是,否
2026-07,11,EHD防脱防断洗发水控油固发蓬松植萃正品洗发露洗头膏留香护发,https://haohuo.jinritemai.com/ecommerce/trade/detail/index.html?id=3606783790963375116,EHD,个人护理>洗发护发>洗发水,,￥91-139,122305,33133,是,否
2026-07,12,【金秋限定桂花香！洗+洗】韩束3D超蓬瓶洗发水控油去屑护发防断芳香,https://haohuo.jinritemai.com/ecommerce/trade/detail/index.html?id=3723388100739727516,韩束/KANS,个人护理>洗发护发>洗发水,韩束官方旗舰店,¥67,116682,46920,是,否
2026-07,13,【中重度脱发拍】韩束防脱固发修护洗发水腺苷焕活肽防掉去油滋养,https://haohuo.jinritemai.com/ecommerce/trade/detail/index.html?id=3801820239939895708,韩束/KANS,个人护理>洗发护发>洗发水,韩束洗护官方旗舰店,¥105,109344,28840,是,否
2026-07,14,娜帕蒂卡柔顺洗发水护发高级控油蓬松持久留香推荐官方旗舰店直播,https://haohuo.jinritemai.com/ecommerce/trade/detail/index.html?id=3586739389851653588,娜帕蒂卡/napattiga,个人护理>洗发护发>洗发水,,￥69-77,107883,37506,是,否
2026-07,15,魔香双重特证防脱洗发水人参生姜根固发防断发去屑强韧洗发乳ZB,https://haohuo.jinritemai.com/ecommerce/trade/detail/index.html?id=3756405640352891301,魔香/MCHOIX,个人护理>洗发护发>洗发水,魔香官方旗舰店,¥148,106827,19207,是,否
2026-07,16,歌拉丝歌GELASIGE碳量子点控油蓬松洗发乳溶油 4.0版@,https://haohuo.jinritemai.com/ecommerce/trade/detail/index.html?id=3761907411762413907,歌拉丝歌/GELASIGE,个人护理>洗发护发>洗发水,歌拉丝歌官方旗舰店,¥41,106825,64816,是,否
2026-07,17,【国庆出游季】海洋至尊男士控油洗发水蓬松持久留香净屑止痒洗头膏,https://haohuo.jinritemai.com/ecommerce/trade/detail/index.html?id=3607413321499859111,海洋至尊,个人护理>洗发护发>洗发水,,￥70-86,104561,32117,是,否
2026-07,18,【官方旗舰店】谷甸洗发水12种氨基酸蓬松控油去屑止痒柔顺滋养洗护,https://haohuo.jinritemai.com/ecommerce/trade/detail/index.html?id=3712218943688147012,谷甸,个人护理>洗发护发>洗发水,谷甸官方旗舰店,¥75,101681,34356,是,否
2026-07,19,DR. EMISER 懿美博士黑姜滋养祛屑洗发露洗发水套装JQZB2,https://haohuo.jinritemai.com/ecommerce/trade/detail/index.html?id=3831556787656589326,懿美博士/Dr.emiser,个人护理>洗发护发>洗发水,泰选优物,¥99,98888,26704,是,是
2026-07,20,海飞丝洗发水去屑柔顺保湿洗发露芳香护发男女家庭装官方旗舰店,https://haohuo.jinritemai.com/ecommerce/trade/detail/index.html?id=3791254549617049965,海飞丝/head&shoulders,个人护理>洗发护发>洗发水,海飞丝官方旗舰店,¥140,98533,18251,是,否
2026-07,21,【孙颖莎推荐】半亩花田控油蓬松洗发水洗头膏护发素防断发留香XF,https://haohuo.jinritemai.com/ecommerce/trade/detail/index.html?id=3727286638133510266,半亩花田/Little Dream Garden,个人护理>洗发护发>洗发水,半亩花田洗护发旗舰店,¥80,97138,30815,是,否
2026-07,22,【中国科学院博士】初葵赋活强韧洗发水 防断发控油蓬松去屑洗发水,https://haohuo.jinritemai.com/ecommerce/trade/detail/index.html?id=3806865621908586679,初葵,个人护理>洗发护发>洗发水,初葵洗护清洁旗舰店,¥109,91701,20479,是,否
2026-07,23,墨见【植物萃取+养发护发】淘米水何首乌侧柏叶人参草本洗发水450ML,https://haohuo.jinritemai.com/ecommerce/trade/detail/index.html?id=3810336917548040489,墨见,个人护理>洗发护发>洗发水,墨见洗护发旗舰店,¥81,89754,27757,是,否
2026-07,24,云开东方十八味中草植物萃取蓬松控油防断发护发养发洗发粉侧柏叶,https://haohuo.jinritemai.com/ecommerce/trade/detail/index.html?id=3721128316497953227,云开东方,个人护理>洗发护发>洗发水,云开东方,¥62,87622,33376,是,否
2026-07,25,【侧柏叶洗发水】霞湖世家 三十二味草本植萃控油蓬松去屑洗发液,https://haohuo.jinritemai.com/ecommerce/trade/detail/index.html?id=3825933693965435053,霞湖世家,个人护理>洗发护发>洗发水,霞湖世家官方旗舰店,¥125,86804,16760,是,否
2026-07,26,【头油头屑头痒】康王洗发水控油去屑洗发膏止痒无硅油洗发露,https://haohuo.jinritemai.com/ecommerce/trade/detail/index.html?id=3829646117793038560,康王,个人护理>洗发护发>洗发水,康王官方旗舰店,¥183,86543,12083,是,否
2026-07,27,新升级 2.0夏伯雅莲依兰香洗发水多肽精油香氛控油去屑防断发666g,https://haohuo.jinritemai.com/ecommerce/trade/detail/index.html?id=3710178975906136326,夏伯雅莲,个人护理>洗发护发>洗发水,夏伯雅莲官方旗舰店,¥55,84779,35178,是,否
2026-07,28,【COCO温峥嵘力荐】KYOCA/极方控油修护防脱洗护洗发水持久留香蓬松,https://haohuo.jinritemai.com/ecommerce/trade/detail/index.html?id=3745743845565006252,极方/KYOCA,个人护理>洗发护发>洗发水,KYOCA极方官方旗舰店,¥173,80965,11597,是,否
2026-07,29,【够爱GOUAI】去屑清爽控油持久留香秀发柔顺清爽洗发水,https://haohuo.jinritemai.com/ecommerce/trade/detail/index.html?id=3830914621309583905,够爱/GOUAI,个人护理>洗发护发>洗发水,够爱GOUAI个人护理旗舰店,¥98,80229,18681,是,否
2026-07,30,【够爱GOUAI】防脱固发控油洗发水,https://haohuo.jinritemai.com/ecommerce/trade/detail/index.html?id=3820788052595442120,够爱/GOUAI,个人护理>洗发护发>洗发水,够爱GOUAI个人护理旗舰店,¥116,73735,16091,是,否
2026-07,31,《全新升级专注防脱》2瓶【苗甄堂】草本防脱洗发水LH控油去屑,https://haohuo.jinritemai.com/ecommerce/trade/detail/index.html?id=3820213585754325140,苗甄堂,个人护理>洗发护发>洗发水,星湛臻选,¥39,73037,44347,是,否
2026-07,32,【婷婷自用3年推荐】EHD防脱洗发水防断固发便携装家用强韧发际线,https://haohuo.jinritemai.com/ecommerce/trade/detail/index.html?id=3833136536656937268,EHD,个人护理>洗发护发>洗发水,EHD官方旗舰店,¥141,72120,13002,是,否
2026-07,33,【专注防脱】2盒-苗甄堂草本防脱洗发水-固发控油去屑-LH,https://haohuo.jinritemai.com/ecommerce/trade/detail/index.html?id=3707399371957076455,苗甄堂,个人护理>洗发护发>洗发水,量鉑甄选养发,¥67,70209,26236,是,否
2026-07,34,三个魔发匠【可比落】防脱精华洗发乳养发控油蓬松洗发水男女通用-1,https://haohuo.jinritemai.com/ecommerce/trade/detail/index.html?id=3588277011757585853,三个魔发匠,个人护理>洗发护发>洗发水,三个魔发匠荣橙个护用品专卖店,¥78,67799,20441,是,否
2026-07,35,【拍1发3】小灵树.防.脱加强-植萃防.脱固发洗发水1,https://haohuo.jinritemai.com/ecommerce/trade/detail/index.html?id=3827983759215559103,小灵树,个人护理>洗发护发>洗发水,小灵树防脱洗护店,¥69,67791,24587,是,否
2026-07,36,【孙颖莎代言】半亩花田防脱洗发水控油蓬松防脱精华发膜防掉固发FT,https://haohuo.jinritemai.com/ecommerce/trade/detail/index.html?id=3820247818715660318,半亩花田/Little Dream Garden,个人护理>洗发护发>洗发水,半亩花田美容美发旗舰店,¥103,65964,15536,是,否
2026-07,37,【限时补贴马上失效】【抠头皮红包包】康王去屑控油二硫化硒洗发水,https://haohuo.jinritemai.com/ecommerce/trade/detail/index.html?id=3727072546823208978,康王,个人护理>洗发护发>洗发水,康王官方旗舰店,¥140,65302,11646,是,否
2026-07,38,Spes诗裴丝青蒿侧柏叶控油去屑洗发水420ml dr,https://haohuo.jinritemai.com/ecommerce/trade/detail/index.html?id=3799929732884201854,诗裴丝/Spes,个人护理>洗发护发>洗发水,spes诗裴丝个人护理旗舰店,¥79,64123,18624,是,否
2026-07,39,【康王官方正品】【头油头屑头痒】康王控油去屑蓝瓶二硫化硒洗发水,https://haohuo.jinritemai.com/ecommerce/trade/detail/index.html?id=3829661364775945137,康王,个人护理>洗发护发>洗发水,康王官方旗舰店,¥138,63843,11528,是,否
2026-07,40,秀鹤颜【防脱固发】秀鹤颜拍一发二 防脱洗发水S1,https://haohuo.jinritemai.com/ecommerce/trade/detail/index.html?id=3830546087303839848,秀鹤颜,个人护理>洗发护发>洗发水,秀鹤颜个人护理旗舰店,¥40,63070,34999,是,否
2026-07,41,【拍1发3】小灵树.防.脱加强-植萃防.脱固发洗发水,https://haohuo.jinritemai.com/ecommerce/trade/detail/index.html?id=3789751515074396326,小灵树,个人护理>洗发护发>洗发水,小灵树堇扬个人护理专卖店,¥70,62106,20224,是,否
2026-07,42,【官方正品&商超严选】多肽洗发水控油蓬松去屑持久留香洗头膏男女,https://haohuo.jinritemai.com/ecommerce/trade/detail/index.html?id=3634137581672862999,爱兰歌娜/Algn,个人护理>洗发护发>洗发水,,￥19-24,61133,52994,是,否
2026-07,43,昔色洗发水控油蓬松清爽洗发露持久留香洗头膏清爽柔顺大容量推荐,https://haohuo.jinritemai.com/ecommerce/trade/detail/index.html?id=3747230479900868907,昔色/XISE,个人护理>洗发护发>洗发水,昔色洗护发旗舰店,¥39,59527,33240,是,否
2026-07,44,【单依纯同款】沙宣水润去屑洗发水蓬松头发轻盈柔顺洗发膏家庭装,https://haohuo.jinritemai.com/ecommerce/trade/detail/index.html?id=3730794904918556745,沙宣/VS,个人护理>洗发护发>洗发水,沙宣官方旗舰店,¥95,58918,14307,是,否
2026-07,45,【拍1发3】小灵树.防.脱加强-植萃防.脱固发洗发水,https://haohuo.jinritemai.com/ecommerce/trade/detail/index.html?id=3809032553227223823,小灵树,个人护理>洗发护发>洗发水,小灵树蓉瑾洗护店,¥70,57217,18036,是,否
2026-07,46,Off&Relax蓬松&蓬盈洗发水2.0洗发水清爽零压瓶控油,https://haohuo.jinritemai.com/ecommerce/trade/detail/index.html?id=3601821109571430348,Off&Relax,个人护理>洗发护发>洗发水,Off&Relax官方旗舰店,￥96-227,56572,13397,是,否
2026-07,47,【二硫化硒洗发水】质润二硫化硒洗发水去屑控油止痒蓬松大容量【DB】,https://haohuo.jinritemai.com/ecommerce/trade/detail/index.html?id=3656885111745585533,质润/ZRVIVE,个人护理>洗发护发>洗发水,质润官方旗舰店,￥67-105,55226,9959,是,否
2026-07,48,【达播同款】EHD防脱洗发水防断固发便携装家用强韧发际线干枯,https://haohuo.jinritemai.com/ecommerce/trade/detail/index.html?id=3694772086619898117,EHD,个人护理>洗发护发>洗发水,EHD官方旗舰店,¥143,52880,8934,是,否
2026-07,49,海飞丝清爽去油洗发水男女士清爽去屑止痒洗发露洗头膏官方正品,https://haohuo.jinritemai.com/ecommerce/trade/detail/index.html?id=3636668242715640729,海飞丝/head&shoulders,个人护理>洗发护发>洗发水,,￥45-63,52073,16238,是,否
2026-07,50,白云山二硫化硒去屑洗发水控油蓬松止痒洗头膏家庭专用,https://haohuo.jinritemai.com/ecommerce/trade/detail/index.html?id=3763740089423888817,白云山,个人护理>洗发护发>洗发水,白云山香薰旗舰店,¥43,51464,26130,是,否
2026-07,51,【鞠婧祎同款】拉芳发芯修护洗发水防断控油洗发膏清爽蓬松强韧洗护,https://haohuo.jinritemai.com/ecommerce/trade/detail/index.html?id=3686407453118955655,拉芳,个人护理>洗发护发>洗发水,拉芳官方旗舰店,￥46-59,51395,24589,是,否
2026-07,52,【达人短视频】SHEVEU赛逸硫化硒去屑洗发水控油止痒清爽蓬松修护,https://haohuo.jinritemai.com/ecommerce/trade/detail/index.html?id=3614820388787355526,sheveu,个人护理>洗发护发>洗发水,,￥58-118,51091,20053,是,否
2026-07,53,【于适同款】KIMTRUE且初太阳红梨氨基酸洗发水柔顺控油高颅顶,https://haohuo.jinritemai.com/ecommerce/trade/detail/index.html?id=3557492669825582323,且初/KIMTRUE,个人护理>洗发护发>洗发水,KIMTRUE且初洗护发旗舰店,¥72,50711,14882,是,否
2026-07,54,阿道夫香氛精油洗发水清爽控油去屑蓬松止痒柔顺洗护套装男女正品,https://haohuo.jinritemai.com/ecommerce/trade/detail/index.html?id=3526483939751523689,阿道夫/ADOLPH,个人护理>洗发护发>洗发水,,￥34-78,50676,11741,是,是
2026-07,55,【邓亚萍推荐】KONO控油蓬松洗发水持久留香奢护黑标小K瓶,https://haohuo.jinritemai.com/ecommerce/trade/detail/index.html?id=3602523489405378255,KONO,个人护理>洗发护发>洗发水,KONO官方旗舰店,￥87-111,50478,9269,是,否
2026-07,56,【非遗好物甄选】长发小寨淘米洗发水固发滋养防脱强韧发根,https://haohuo.jinritemai.com/ecommerce/trade/detail/index.html?id=3690158965334868209,长发小寨,个人护理>洗发护发>洗发水,,￥90-141,50418,12225,是,否
2026-07,57,【男士控油】清扬大容量洗发水控油去屑蓬松清爽正品,https://haohuo.jinritemai.com/ecommerce/trade/detail/index.html?id=3780539068065120261,清扬/CLEAR,个人护理>洗发护发>洗发水,清扬官方旗舰店,¥70,50332,15198,是,否
2026-07,58,【潮爸老刘推荐】NEXXUS黑金修护洗发水 (彩云电商消费券),https://haohuo.jinritemai.com/ecommerce/trade/detail/index.html?id=3830037958354927797,Nexxus,个人护理>洗发护发>洗发水,Nexxus官方旗舰店,¥249,49094,5030,是,否
2026-07,59,【多款任选】沙宣洗发水保湿改善毛躁芳香洗发护发家庭装官方正品ZA,https://haohuo.jinritemai.com/ecommerce/trade/detail/index.html?id=3819460323526705566,沙宣/VS,个人护理>洗发护发>洗发水,沙宣官方旗舰店,¥72,49011,14548,是,否
2026-07,60,【露思推荐】自然堂蓝瓶洗发水控油蓬松留香赵露思同款洗发水露膏夏,https://haohuo.jinritemai.com/ecommerce/trade/detail/index.html?id=3702740137629843647,自然堂/CHANDO,个人护理>洗发护发>洗发水,自然堂个人护理旗舰店,¥40,48701,26370,是,否
2026-07,61,【重磅首发】Spes诗裴丝多肽头皮精华洗发水300ml*4,https://haohuo.jinritemai.com/ecommerce/trade/detail/index.html?id=3830408276776976424,诗裴丝/Spes,个人护理>洗发护发>洗发水,spes诗裴丝个人护理旗舰店,¥196,48174,6182,是,否
2026-07,62,【滋养抚顺秀发】欧莱雅洗发水护发柔顺洗发露润养顺滑抚顺理洗发乳,https://haohuo.jinritemai.com/ecommerce/trade/detail/index.html?id=3770652686773518369,欧莱雅/L'ORÉAL,个人护理>洗发护发>洗发水,欧莱雅个人护理旗舰店,¥98,46839,10413,是,否
2026-07,63,【孙颖莎代言】半亩花田防脱洗发水控油蓬松防脱精华发膜防掉固发FT,https://haohuo.jinritemai.com/ecommerce/trade/detail/index.html?id=3831891724045779428,半亩花田/Little Dream Garden,个人护理>洗发护发>洗发水,半亩花田美容美发旗舰店,¥103,46747,10024,是,否
2026-07,64,【老爸抽检】Roye若也植萃去屑止痒洗发水洗头膏控油蓬松留香,https://haohuo.jinritemai.com/ecommerce/trade/detail/index.html?id=3560045931246276710,若也/Roye,个人护理>洗发护发>洗发水,,￥120-198,46614,7808,是,否
2026-07,65,【可可专属】VINCERE ANCIENT黑姜洗发水400ml/瓶,https://haohuo.jinritemai.com/ecommerce/trade/detail/index.html?id=3833620199425310958,VINCEREANCIENT,个人护理>洗发护发>洗发水,VINCEREANCIENT素叻他尼港个人护理专卖店,¥99,46155,10154,是,否
2026-07,66,《小园子专属》蓝胖子轻盈蓬松洗发水（蓬松轻盈）妍,https://haohuo.jinritemai.com/ecommerce/trade/detail/index.html?id=3688293948700360865,'-,个人护理>洗发护发>洗发水,妍妍的服装销售店,¥129,45866,8014,是,否
2026-07,67,【央妈同款】【脱发 断发选】拜耳康王腺苷防脱洗发水 能防脱 能防断,https://haohuo.jinritemai.com/ecommerce/trade/detail/index.html?id=3648389122994898370,康王,个人护理>洗发护发>洗发水,康王官方旗舰店,￥123-186,45535,5754,是,否
2026-07,68,丝曼香SIMANXIANG洗发乳【3.0版】【正装试用】,https://haohuo.jinritemai.com/ecommerce/trade/detail/index.html?id=3776464986398916626,丝曼香,个人护理>洗发护发>洗发水,丝曼香化妆品旗舰店,¥38,45350,24713,是,否
2026-07,69,Gsirjyyp【油+掉】沙棘氨基酸蓬松控油洗发水洗头膏洗头500ml/瓶,https://haohuo.jinritemai.com/ecommerce/trade/detail/index.html?id=3773049843329663370,Gsirjyyp,个人护理>洗发护发>洗发水,Gsirjyyp个护用品旗舰店,¥50,45144,18016,是,否
2026-07,70,【可可专属】VINCERE ANCIENT黑姜洗发水400ml/瓶,https://haohuo.jinritemai.com/ecommerce/trade/detail/index.html?id=3833618651072823755,VINCEREANCIENT,个人护理>洗发护发>洗发水,VINCEREANCIENT素叻他尼港个人护理专卖店,¥99,44881,9852,是,否
2026-07,71,海飞丝洗发水丝质柔滑保湿清洁洗发露男女士家庭装官方正品旗舰店,https://haohuo.jinritemai.com/ecommerce/trade/detail/index.html?id=3814220033970798607,海飞丝/head&shoulders,个人护理>洗发护发>洗发水,海飞丝官方旗舰店,¥140,44640,7272,是,否
2026-07,72,【索图甄选】阿道夫精油四项专研无硅油控油洗发水,https://haohuo.jinritemai.com/ecommerce/trade/detail/index.html?id=3833564699899854921,阿道夫/ADOLPH,个人护理>洗发护发>洗发水,阿道夫官方旗舰店,¥99,44585,9712,是,否
2026-07,73,歌拉丝歌GELASIGE碳量子点去屑止痒洗发乳（银色山泉香）,https://haohuo.jinritemai.com/ecommerce/trade/detail/index.html?id=3746519598422425761,歌拉丝歌/GELASIGE,个人护理>洗发护发>洗发水,歌拉丝歌官方旗舰店,¥41,43826,20588,是,否
2026-07,74,【正品康王】康王控油去屑二硫化硒洗发水清爽洗发露止痒舒缓洗发剂,https://haohuo.jinritemai.com/ecommerce/trade/detail/index.html?id=3676413478517735722,康王,个人护理>洗发护发>洗发水,康王官方旗舰店,¥157,43239,6384,是,否
2026-07,75,故事树【持证防脱】防脱洗发露 拍一发二-HZB,https://haohuo.jinritemai.com/ecommerce/trade/detail/index.html?id=3829825935054602674,故事树,个人护理>洗发护发>洗发水,故事树化妆品旗舰店,¥88,42963,10199,是,否
2026-07,76,SAZA魅蓝洗发水官方旗舰店男士高档专用推荐去屑控油清爽持久留香,https://haohuo.jinritemai.com/ecommerce/trade/detail/index.html?id=3703522094433304787,SAZA,个人护理>洗发护发>洗发水,SAZA官方旗舰店,¥94,42039,9636,是,否
2026-07,77,【尝新套组】Spes多肽蓬蓬瓶控油蓬松洗发水去屑修护柔顺持久留香dt,https://haohuo.jinritemai.com/ecommerce/trade/detail/index.html?id=3496009628423160206,诗裴丝/Spes,个人护理>洗发护发>洗发水,SPES诗裴丝官方旗舰店,¥141,41805,6811,是,否
2026-07,78,【孙颖莎代言】半亩花田防脱洗发水持证防掉固发侧柏叶控油蓬松zc,https://haohuo.jinritemai.com/ecommerce/trade/detail/index.html?id=3823900593920016823,半亩花田/Little Dream Garden,个人护理>洗发护发>洗发水,半亩花田美容美发旗舰店,¥78,40994,10717,是,否
2026-07,79,【脱发掉发】拜耳康王腺苷防脱洗发水滋养防断发强根韧发,https://haohuo.jinritemai.com/ecommerce/trade/detail/index.html?id=3829666866721325501,康王,个人护理>洗发护发>洗发水,康王官方旗舰店,¥182,40879,5224,是,否
2026-07,80,【朱梓骁专属】云南白药养元青新品升级控油防脱健发/强韧洗发水,https://haohuo.jinritemai.com/ecommerce/trade/detail/index.html?id=3808124631299260826,养元青/YANGYUANQING,个人护理>洗发护发>洗护套装,养元青个人护理旗舰店,¥73,40318,11383,否,否
2026-08,1,【免费试用】韩束防脱固发修护洗发水焕活肽清洁防断固发去油,https://haohuo.jinritemai.com/ecommerce/trade/detail/index.html?id=3784942113867825718,韩束/KANS,个人护理>洗发护发>洗发水,韩束洗护官方旗舰店,¥69,331650,179478,是,否
2026-08,2,【全新升级2.0】Spes诗裴丝多肽精华蓬松控油洗发水500ml hhj,https://haohuo.jinritemai.com/ecommerce/trade/detail/index.html?id=3831498749671243870,诗裴丝/Spes,个人护理>洗发护发>洗发水,spes诗裴丝个人护理旗舰店,¥269,277470,38421,是,否
2026-08,3,【白云山】二硫化硒洗发水控油蓬松持久留香去屑止痒无硅油,https://haohuo.jinritemai.com/ecommerce/trade/detail/index.html?id=3654868800710557076,白云山,个人护理>洗发护发>洗发水,白云山香薰旗舰店,¥50,253482,155865,是,否
2026-08,4,固然堂【李若彤代言】固然堂防脱洗发水草本萃取强韧固发持证防脱,https://haohuo.jinritemai.com/ecommerce/trade/detail/index.html?id=3660056146330434616,固然堂,个人护理>洗发护发>洗发水,固然堂官方旗舰店,￥68-86,240479,96936,是,否
2026-08,5,【中国科学院化学博士】科芮实验室二硫化硒去屑止痒控油蓬松洗发水,https://haohuo.jinritemai.com/ecommerce/trade/detail/index.html?id=3823672705195049187,科芮实验室,个人护理>洗发护发>洗发水,科芮实验室洗护清洁旗舰店,¥87,226394,83432,是,否
2026-08,6,【免费试用】韩束防脱固发修护洗发水焕活肽防断防掉去油滋养,https://haohuo.jinritemai.com/ecommerce/trade/detail/index.html?id=3801817351708606635,韩束/KANS,个人护理>洗发护发>洗发水,韩束洗护官方旗舰店,¥73,202304,85090,是,否
2026-08,7,仙花秀可可香氛氨基酸洗发水控油去屑蓬松留香升级版2.0洗护套装,https://haohuo.jinritemai.com/ecommerce/trade/detail/index.html?id=3730781674355688343,仙花秀/Sinhosoo,个人护理>洗发护发>洗发水,仙花秀官方旗舰店,¥57,195381,101229,是,是
2026-08,8,【直播间领券下单】长发小寨淘米水洗发水防脱固发滋养发根控油sh,https://haohuo.jinritemai.com/ecommerce/trade/detail/index.html?id=3715385328777953559,长发小寨,个人护理>洗发护发>洗发水,长发小寨官方旗舰店,¥141,180867,39487,是,否
2026-08,9,【中重度脱发拍】韩束防脱固发修护洗发水腺苷焕活肽防掉去油滋养,https://haohuo.jinritemai.com/ecommerce/trade/detail/index.html?id=3801820239939895708,韩束/KANS,个人护理>洗发护发>洗发水,韩束洗护官方旗舰店,¥102,180452,53523,是,否
2026-08,10,【COCO温峥嵘力荐】KYOCA/极方控油修护防脱洗护洗发水持久留香蓬松,https://haohuo.jinritemai.com/ecommerce/trade/detail/index.html?id=3745743845565006252,极方/KYOCA,个人护理>洗发护发>洗发水,KYOCA极方官方旗舰店,¥167,142049,26439,是,否
2026-08,11,【孙颖莎代言】半亩花田防脱洗发水控油蓬松防脱精华发膜防掉固发FT,https://haohuo.jinritemai.com/ecommerce/trade/detail/index.html?id=3820247818715660318,半亩花田/Little Dream Garden,个人护理>洗发护发>洗发水,半亩花田美容美发旗舰店,¥97,141190,40712,是,否
2026-08,12,【滋养抚顺秀发】欧莱雅洗发水护发柔顺洗发露润养顺滑抚顺理洗发乳,https://haohuo.jinritemai.com/ecommerce/trade/detail/index.html?id=3770652686773518369,欧莱雅/L'ORÉAL,个人护理>洗发护发>洗发水,欧莱雅个人护理旗舰店,¥94,139765,40899,是,否
2026-08,13,EHD防脱防断洗发水控油固发蓬松植萃正品洗发露洗头膏留香护发,https://haohuo.jinritemai.com/ecommerce/trade/detail/index.html?id=3606783790963375116,EHD,个人护理>洗发护发>洗发水,,￥90-122,134799,36849,是,否
2026-08,14,【限时补贴马上失效】【抠头皮红包包】康王去屑控油二硫化硒洗发水,https://haohuo.jinritemai.com/ecommerce/trade/detail/index.html?id=3727072546823208978,康王,个人护理>洗发护发>洗发水,康王官方旗舰店,¥121,119461,28637,是,否
2026-08,15,【金秋限定桂花香！洗+洗】韩束3D超蓬瓶洗发水控油去屑护发防断芳香,https://haohuo.jinritemai.com/ecommerce/trade/detail/index.html?id=3723388100739727516,韩束/KANS,个人护理>洗发护发>洗发水,韩束官方旗舰店,¥63,118730,50155,是,否
2026-08,16,新升级 2.0夏伯雅莲依兰香洗发水多肽精油香氛控油去屑防断发666g,https://haohuo.jinritemai.com/ecommerce/trade/detail/index.html?id=3710178975906136326,夏伯雅莲,个人护理>洗发护发>洗发水,夏伯雅莲官方旗舰店,¥56,116006,53901,是,否
2026-08,17,【限时补贴价168马上失效】【头油痒屑】康王控油去屑二硫化硒洗发水,https://haohuo.jinritemai.com/ecommerce/trade/detail/index.html?id=3832455561052553471,康王,个人护理>洗发护发>洗发水,康王官方旗舰店,¥109,113667,29341,是,否
2026-08,18,【中国科学院博士】初葵赋活强韧洗发水 防断发控油蓬松去屑洗发水,https://haohuo.jinritemai.com/ecommerce/trade/detail/index.html?id=3806865621908586679,初葵,个人护理>洗发护发>洗发水,初葵洗护清洁旗舰店,¥110,111926,28644,是,否
2026-08,19,【专注防脱】2盒-苗甄堂草本防脱洗发水-固发控油去屑-LH,https://haohuo.jinritemai.com/ecommerce/trade/detail/index.html?id=3707399371957076455,苗甄堂,个人护理>洗发护发>洗发水,量鉑甄选养发,¥65,109982,44572,是,否
2026-08,20,歌拉丝歌GELASIGE碳量子点控油蓬松洗发乳溶油 4.0版@,https://haohuo.jinritemai.com/ecommerce/trade/detail/index.html?id=3761907411762413907,歌拉丝歌/GELASIGE,个人护理>洗发护发>洗发水,歌拉丝歌官方旗舰店,¥40,106308,64566,是,否
2026-08,21,【孙颖莎推荐】半亩花田控油蓬松洗发水洗头膏护发素防断发留香XF,https://haohuo.jinritemai.com/ecommerce/trade/detail/index.html?id=3727286638133510266,半亩花田/Little Dream Garden,个人护理>洗发护发>洗发水,半亩花田洗护发旗舰店,¥78,106217,35119,是,否
2026-08,22,【全新升级2.0】Spes诗裴丝多肽精华蓬松控油洗发水500ml,https://haohuo.jinritemai.com/ecommerce/trade/detail/index.html?id=3806079453889691895,诗裴丝/Spes,个人护理>洗发护发>洗发水,spes诗裴丝个人护理旗舰店,¥185,104842,15652,是,否
2026-08,23,舒蕾长效修护清爽洗发水控油蓬松改善干枯毛躁受损st,https://haohuo.jinritemai.com/ecommerce/trade/detail/index.html?id=3836344355413688455,舒蕾/SLEK,个人护理>洗发护发>洗发水,舒蕾官方旗舰店,¥93,104439,30244,是,否
2026-08,24,【官方旗舰店】谷甸洗发水12种氨基酸蓬松控油去屑止痒柔顺滋养洗护,https://haohuo.jinritemai.com/ecommerce/trade/detail/index.html?id=3712218943688147012,谷甸,个人护理>洗发护发>洗发水,谷甸官方旗舰店,¥74,100467,34654,是,否
2026-08,25,【梦洁专属】Roye净澈控油蓬松洗发水380ml2瓶装 3.0,https://haohuo.jinritemai.com/ecommerce/trade/detail/index.html?id=3837600440032297049,若也/Roye,个人护理>洗发护发>洗发水,Roye若也个人护理旗舰店,¥272,100374,10461,是,否
2026-08,26,【爆款蓬蓬瓶】Spes多肽精华控油蓬松洗发水高颅顶柔顺留香dt,https://haohuo.jinritemai.com/ecommerce/trade/detail/index.html?id=3458907217833653444,诗裴丝/Spes,个人护理>洗发护发>洗发水,SPES诗裴丝官方旗舰店,¥190,98674,13989,是,否
2026-08,27,【樊振东代言】海飞丝洗发水去屑柔顺保湿芳香护发家庭装官方旗舰店,https://haohuo.jinritemai.com/ecommerce/trade/detail/index.html?id=3835214654620172460,海飞丝/head&shoulders,个人护理>洗发护发>洗发水,海飞丝官方旗舰店,¥139,97452,18020,是,否
2026-08,28,娜帕蒂卡柔顺洗发水护发高级控油蓬松持久留香推荐官方旗舰店直播,https://haohuo.jinritemai.com/ecommerce/trade/detail/index.html?id=3586739389851653588,娜帕蒂卡/napattiga,个人护理>洗发护发>洗发水,,￥72-78,97184,34058,是,否
2026-08,29,【半亩花田】轻盈蓬松洗发水➕净澈去屑 洗发水WL,https://haohuo.jinritemai.com/ecommerce/trade/detail/index.html?id=3819604258794373420,半亩花田/Little Dream Garden,个人护理>洗发护发>洗发水,半亩花田洗护发旗舰店,¥79,89093,28151,是,否
2026-08,30,墨见【植物萃取+养发护发】淘米水何首乌侧柏叶人参草本洗发水450ML,https://haohuo.jinritemai.com/ecommerce/trade/detail/index.html?id=3810336917548040489,墨见,个人护理>洗发护发>洗发水,墨见洗护发旗舰店,¥76,89088,28909,是,否
2026-08,31,【宋佳推荐】Spes多肽蓬蓬瓶控油蓬松洗发水去屑柔顺高颅顶清洁dt,https://haohuo.jinritemai.com/ecommerce/trade/detail/index.html?id=3705539432066187551,诗裴丝/Spes,个人护理>洗发护发>洗发水,SPES诗裴丝官方旗舰店,¥165,87673,13563,是,否
2026-08,32,三个魔发匠【可比落】防脱精华洗发乳养发控油蓬松洗发水男女通用-1,https://haohuo.jinritemai.com/ecommerce/trade/detail/index.html?id=3588277011757585853,三个魔发匠,个人护理>洗发护发>洗发水,三个魔发匠荣橙个护用品专卖店,¥78,86288,27234,是,否
2026-08,33,《全新升级专注防脱》2瓶【苗甄堂】草本防脱洗发水LH控油去屑,https://haohuo.jinritemai.com/ecommerce/trade/detail/index.html?id=3820213585754325140,苗甄堂,个人护理>洗发护发>洗发水,星湛臻选,¥39,85916,49387,是,否
2026-08,34,秀鹤颜【防脱固发】拍一发二 草本植萃 防脱洗发水-S2,https://haohuo.jinritemai.com/ecommerce/trade/detail/index.html?id=3829292891050737916,秀鹤颜,个人护理>洗发护发>洗发水,秀鹤颜谦卓洗护发专卖店,¥40,82588,46637,是,否
2026-08,35,【官方正品&商超严选】多肽洗发水控油蓬松去屑持久留香洗头膏男女,https://haohuo.jinritemai.com/ecommerce/trade/detail/index.html?id=3634137581672862999,爱兰歌娜/Algn,个人护理>洗发护发>洗发水,,￥17-24,70643,64628,是,否
2026-08,36,云开东方十八味中草植物萃取蓬松控油防断发护发养发洗发粉侧柏叶,https://haohuo.jinritemai.com/ecommerce/trade/detail/index.html?id=3721128316497953227,云开东方,个人护理>洗发护发>洗发水,云开东方,¥61,70122,28249,是,否
2026-08,37,【侧柏叶洗发水】霞湖世家 三十二味草本植萃控油蓬松去屑洗发液,https://haohuo.jinritemai.com/ecommerce/trade/detail/index.html?id=3825933693965435053,霞湖世家,个人护理>洗发护发>洗发水,霞湖世家官方旗舰店,¥126,64386,12456,是,否
2026-08,38,魔香双重特证防脱洗发水人参生姜根固发防断发去屑强韧洗发乳ZB,https://haohuo.jinritemai.com/ecommerce/trade/detail/index.html?id=3756405640352891301,魔香/MCHOIX,个人护理>洗发护发>洗发水,魔香官方旗舰店,¥142,64324,11365,是,否
2026-08,39,Off&Relax蓬松&蓬盈洗发水2.0洗发水清爽零压瓶控油,https://haohuo.jinritemai.com/ecommerce/trade/detail/index.html?id=3601821109571430348,Off&Relax,个人护理>洗发护发>洗发水,Off&Relax官方旗舰店,￥92-227,64090,16280,是,否
2026-08,40,【鞠婧祎同款】拉芳发芯修护洗发水防断控油洗发膏清爽蓬松强韧洗护,https://haohuo.jinritemai.com/ecommerce/trade/detail/index.html?id=3686407453118955655,拉芳,个人护理>洗发护发>洗发水,拉芳官方旗舰店,¥47,63720,30981,是,否
2026-08,41,昔色洗发水控油蓬松清爽洗发露持久留香洗头膏清爽柔顺大容量推荐,https://haohuo.jinritemai.com/ecommerce/trade/detail/index.html?id=3747230479900868907,昔色/XISE,个人护理>洗发护发>洗发水,昔色洗护发旗舰店,¥39,62103,35327,是,否
2026-08,42,【孙颖莎代言】半亩花田防脱洗发水控油蓬松防脱精华发膜防掉固发FT,https://haohuo.jinritemai.com/ecommerce/trade/detail/index.html?id=3831891724045779428,半亩花田/Little Dream Garden,个人护理>洗发护发>洗发水,半亩花田美容美发旗舰店,¥99,61746,14690,是,否
2026-08,43,【拍1发3】小灵树防.脱固.发植萃洗发露s1,https://haohuo.jinritemai.com/ecommerce/trade/detail/index.html?id=3799062746583138628,小灵树,个人护理>洗发护发>洗发水,瑶族阿娇,¥70,60989,19546,是,否
2026-08,44,【国庆出游季】海洋至尊男士控油洗发水蓬松持久留香净屑止痒洗头膏,https://haohuo.jinritemai.com/ecommerce/trade/detail/index.html?id=3607413321499859111,海洋至尊,个人护理>洗发护发>洗发水,,￥78-80,60315,17338,是,否
2026-08,45,黛青丝【持证防脱】草本防脱洗发水萃取植物精华强韧控油去屑防秃头,https://haohuo.jinritemai.com/ecommerce/trade/detail/index.html?id=3727791721967386777,黛青丝,个人护理>洗发护发>洗发水,黛青丝官方旗舰店,¥70,59517,18922,是,否
2026-08,46,【谷爱凌同款】潘婷香氛净澈蓬松洗发水洗护套装控油修护芳香护发,https://haohuo.jinritemai.com/ecommerce/trade/detail/index.html?id=3824972261333533074,潘婷/PANTENE,个人护理>洗发护发>洗发水,潘婷官方旗舰店,¥86,59289,15817,是,是
2026-08,47,【孙颖莎代言】半亩花田防脱洗发水持证防掉固发侧柏叶控油蓬松zc,https://haohuo.jinritemai.com/ecommerce/trade/detail/index.html?id=3823900593920016823,半亩花田/Little Dream Garden,个人护理>洗发护发>洗发水,半亩花田美容美发旗舰店,¥66,58515,19227,是,否
2026-08,48,阿道夫香氛精油洗发水清爽控油去屑蓬松止痒柔顺洗护套装男女正品,https://haohuo.jinritemai.com/ecommerce/trade/detail/index.html?id=3526483939751523689,阿道夫/ADOLPH,个人护理>洗发护发>洗发水,,￥30-78,57978,14423,是,是
2026-08,49,【拍1发3】小灵树防.脱加强.植萃固.发洗发露,https://haohuo.jinritemai.com/ecommerce/trade/detail/index.html?id=3834282425249300934,小灵树,个人护理>洗发护发>洗发水,小灵树个人护理旗舰店,¥69,57877,18450,是,否
2026-08,50,【补贴马上失效】【头屑头痒红包包】康王控油去屑二硫化硒洗发水,https://haohuo.jinritemai.com/ecommerce/trade/detail/index.html?id=3722054236377317436,康王,个人护理>洗发护发>洗发水,康王官方旗舰店,¥126,56671,10542,是,否
2026-08,51,【中重度脱发拍】韩束防脱固发修护洗发水腺苷焕活肽防掉去油滋养,https://haohuo.jinritemai.com/ecommerce/trade/detail/index.html?id=3809041229002441156,韩束/KANS,个人护理>洗发护发>洗发水,韩束洗护官方旗舰店,¥102,55565,12510,是,否
2026-08,52,《小园子专属》蓝胖子轻盈蓬松洗发水（蓬松轻盈）妍,https://haohuo.jinritemai.com/ecommerce/trade/detail/index.html?id=3688293948700360865,'-,个人护理>洗发护发>洗发水,妍妍的服装销售店,¥127,55034,10230,是,否
2026-08,53,Gsirjyyp【油+掉】沙棘氨基酸蓬松控油洗发水洗头膏洗头500ml/瓶,https://haohuo.jinritemai.com/ecommerce/trade/detail/index.html?id=3773049843329663370,Gsirjyyp,个人护理>洗发护发>洗发水,Gsirjyyp个护用品旗舰店,¥49,54570,25080,是,否
2026-08,54,【达人短视频】SHEVEU赛逸硫化硒去屑洗发水控油止痒清爽蓬松修护,https://haohuo.jinritemai.com/ecommerce/trade/detail/index.html?id=3614820388787355526,sheveu,个人护理>洗发护发>洗发水,,￥56-112,53337,20476,是,否
2026-08,55,【黑姜植萃 姜萃润养】VINCERE ANCIENT黑姜洗发水400ml/瓶,https://haohuo.jinritemai.com/ecommerce/trade/detail/index.html?id=3836907064983159275,VINCEREANCIENT,个人护理>洗发护发>洗发水,欧缇娜洗护清洁专营店,¥100,51013,11495,是,否
2026-08,56,【脱发掉发】拜耳康王腺苷防脱洗发水滋养防断发强根韧发,https://haohuo.jinritemai.com/ecommerce/trade/detail/index.html?id=3826310920926265501,康王,个人护理>洗发护发>洗发水,康王官方旗舰店,¥149,50408,7882,是,否
2026-08,57,【防脱套组】KYOCA极方防脱控油蓬松洗发水洗发露+护发素爆款套组BD,https://haohuo.jinritemai.com/ecommerce/trade/detail/index.html?id=3745935633118527891,极方/KYOCA,个人护理>洗发护发>洗发水,KYOCA极方官方旗舰店,¥198,50246,6336,是,否
2026-08,58,【达人专属】薇姿洗发水薇姿绿标二硫化硒洗发水 去屑 男女士洗发水,https://haohuo.jinritemai.com/ecommerce/trade/detail/index.html?id=3631100528525755336,薇姿/Vichy,个人护理>洗发护发>洗发水,,￥71-142,50063,9007,是,否
2026-08,59,【邓亚萍推荐】KONO控油蓬松洗发水持久留香奢护黑标小K瓶,https://haohuo.jinritemai.com/ecommerce/trade/detail/index.html?id=3602523489405378255,KONO,个人护理>洗发护发>洗发水,KONO官方旗舰店,￥76-113,49908,9386,是,否
2026-08,60,【男士高端】清扬劲能瓶洗发水专研控油/去屑/冰爽去异味大容量组合,https://haohuo.jinritemai.com/ecommerce/trade/detail/index.html?id=3829662762812965220,清扬/CLEAR,个人护理>洗发护发>洗发水,清扬官方旗舰店,¥58,49889,17740,是,否
2026-08,61,【老爸抽检】Roye若也植萃去屑止痒洗发水洗头膏控油蓬松留香,https://haohuo.jinritemai.com/ecommerce/trade/detail/index.html?id=3560045931246276710,若也/Roye,个人护理>洗发护发>洗发水,Roye若也官方旗舰店,￥61-209,49069,9537,是,否
2026-08,62,【头油头痒头屑】康王青少年控油去屑洗发水温和清爽止痒学生洗头膏,https://haohuo.jinritemai.com/ecommerce/trade/detail/index.html?id=3824413561166365078,康王,个人护理>洗发护发>洗发水,康王官方旗舰店,¥177,48830,6785,否,否
2026-08,63,【全新升级2.0】Spes诗裴丝多肽精华蓬松控油洗发水300ml dr,https://haohuo.jinritemai.com/ecommerce/trade/detail/index.html?id=3806979968978780518,诗裴丝/Spes,个人护理>洗发护发>洗发水,spes诗裴丝个人护理旗舰店,¥113,48187,9651,是,否
2026-08,64,丝曼香SIMANXIANG洗发乳【3.0版】【正装试用】,https://haohuo.jinritemai.com/ecommerce/trade/detail/index.html?id=3776464986398916626,丝曼香,个人护理>洗发护发>洗发水,丝曼香化妆品旗舰店,¥38,47456,26442,是,否
2026-08,65,【多款任选】沙宣洗发水保湿改善毛躁芳香洗发护发家庭装官方正品ZA,https://haohuo.jinritemai.com/ecommerce/trade/detail/index.html?id=3819460323526705566,沙宣/VS,个人护理>洗发护发>洗发水,沙宣官方旗舰店,¥73,47330,13846,是,否
2026-08,66,【王嘉尔推荐】韩束鱼子酱护发套组蓬松控油滋养修护保湿去屑留香,https://haohuo.jinritemai.com/ecommerce/trade/detail/index.html?id=3833530198519841127,韩束/KANS,个人护理>洗发护发>洗发水,韩束护肤旗舰店,¥276,47319,4446,是,否
2026-08,67,【控油+防脱】康王-二硫化硒控油洗发水+腺苷防脱洗发水断发发逢宽,https://haohuo.jinritemai.com/ecommerce/trade/detail/index.html?id=3789920513388839148,康王,个人护理>洗发护发>洗发水,康王官方旗舰店,¥145,46651,7443,是,否
2026-08,68,【韩安娜力荐】丰添防脱洗发水 女士专研敏感头皮可用防脱赋活Z1,https://haohuo.jinritemai.com/ecommerce/trade/detail/index.html?id=3838204677640552904,丰添,个人护理>洗发护发>洗发水,丰添官方旗舰店,¥178,46613,6364,是,否
2026-08,69,【爆款蓬蓬瓶】Spes多肽精华控油蓬松洗发水去屑柔顺高颅顶清洁dt,https://haohuo.jinritemai.com/ecommerce/trade/detail/index.html?id=3776066911675220206,诗裴丝/Spes,个人护理>洗发护发>洗发水,SPES诗裴丝官方旗舰店,¥179,46208,6292,是,否
2026-08,70,舒蕾长效修护清爽洗发水控油蓬松改善干枯毛躁受损,https://haohuo.jinritemai.com/ecommerce/trade/detail/index.html?id=3836714560220430412,舒蕾/SLEK,个人护理>洗发护发>洗发水,舒蕾个人护理旗舰店,¥90,46163,11210,是,否
2026-08,71,荟悉植物发酵头皮专研洗发水强韧发丝防断发养护头皮,https://haohuo.jinritemai.com/ecommerce/trade/detail/index.html?id=3828957340305064073,荟悉,个人护理>洗发护发>洗发水,荟悉官方旗舰店,¥100,45844,9988,是,否
2026-08,72,【囤货装】韩束防脱固发修护洗发水侧柏叶焕活肽防掉控油留香,https://haohuo.jinritemai.com/ecommerce/trade/detail/index.html?id=3810924900668015042,韩束/KANS,个人护理>洗发护发>洗发水,韩束洗护官方旗舰店,¥162,45528,6637,是,否
2026-08,73,秀鹤颜【防脱固发】秀鹤颜拍一发二 防脱洗发水S1,https://haohuo.jinritemai.com/ecommerce/trade/detail/index.html?id=3830546087303839848,秀鹤颜,个人护理>洗发护发>洗发水,秀鹤颜个人护理旗舰店,¥40,44574,21431,是,否
2026-08,74,【全新升级2.0】浅香元气樱花香洗发水72h控油肽氨基酸蓬松留香止痒,https://haohuo.jinritemai.com/ecommerce/trade/detail/index.html?id=3498081400320580233,浅香,个人护理>洗发护发>洗发水,浅香官方旗舰店,¥62,44551,14503,是,否
2026-08,75,海飞丝去屑清爽控油洗发水丝质柔滑护发洗发露男女士通用官方正品,https://haohuo.jinritemai.com/ecommerce/trade/detail/index.html?id=3627389812065083837,海飞丝/head&shoulders,个人护理>洗发护发>洗发水,,￥55-61,44473,15541,是,否
2026-08,76,【专攻脱发】守住你的发量 白桦树汁原液 防脱洗发水,https://haohuo.jinritemai.com/ecommerce/trade/detail/index.html?id=3793728384199164004,白桦依然,个人护理>洗发护发>洗发水,白桦依然个人护理旗舰店,¥54,44300,16263,是,否
2026-08,77,【露思推荐】自然堂蓝瓶洗发水控油蓬松留香赵露思同款洗发水露膏夏,https://haohuo.jinritemai.com/ecommerce/trade/detail/index.html?id=3702740137629843647,自然堂/CHANDO,个人护理>洗发护发>洗发水,自然堂个人护理旗舰店,¥43,44124,19569,是,否
2026-08,78,歌拉丝歌GELASIGE碳量子点去屑止痒洗发乳（银色山泉香）,https://haohuo.jinritemai.com/ecommerce/trade/detail/index.html?id=3746519598422425761,歌拉丝歌/GELASIGE,个人护理>洗发护发>洗发水,歌拉丝歌官方旗舰店,¥40,43374,20396,是,否
2026-08,79,【于适同款】KIMTRUE且初太阳红梨氨基酸洗发水柔顺控油高颅顶,https://haohuo.jinritemai.com/ecommerce/trade/detail/index.html?id=3557492669825582323,且初/KIMTRUE,个人护理>洗发护发>洗发水,KIMTRUE且初洗护发旗舰店,¥71,43206,12349,是,否
2026-08,80,【男士控油】清扬大容量洗发水控油去屑蓬松清爽正品,https://haohuo.jinritemai.com/ecommerce/trade/detail/index.html?id=3780539068065120261,清扬/CLEAR,个人护理>洗发护发>洗发水,清扬官方旗舰店,¥69,42890,12468,是,否
2026-09,1,固然堂【李若彤代言】固然堂防脱洗发水草本萃取强韧固发持证防脱,https://haohuo.jinritemai.com/ecommerce/trade/detail/index.html?id=3660056146330434616,固然堂,个人护理>洗发护发>洗发水,固然堂官方旗舰店,￥74-82,302885,137360,是,否
2026-09,2,【免费试用】韩束防脱固发修护洗发水焕活肽清洁防断固发去油,https://haohuo.jinritemai.com/ecommerce/trade/detail/index.html?id=3784942113867825718,韩束/KANS,个人护理>洗发护发>洗发水,韩束洗护官方旗舰店,¥70,265708,122737,是,否
2026-09,3,【白云山】二硫化硒洗发水控油蓬松持久留香去屑止痒无硅油,https://haohuo.jinritemai.com/ecommerce/trade/detail/index.html?id=3654868800710557076,白云山,个人护理>洗发护发>洗发水,白云山香薰旗舰店,¥49,239148,148785,是,否
2026-09,4,【中国科学院化学博士】科芮实验室二硫化硒去屑止痒控油蓬松洗发水,https://haohuo.jinritemai.com/ecommerce/trade/detail/index.html?id=3823672705195049187,科芮实验室,个人护理>洗发护发>洗发水,科芮实验室洗护清洁旗舰店,¥88,238311,88456,是,否
2026-09,5,仙花秀可可香氛氨基酸洗发水控油去屑蓬松留香升级版2.0洗护套装,https://haohuo.jinritemai.com/ecommerce/trade/detail/index.html?id=3730781674355688343,仙花秀/Sinhosoo,个人护理>洗发护发>洗发水,仙花秀官方旗舰店,¥57,218742,115044,是,是
2026-09,6,故事树【持证防脱】防脱洗发露 拍一发二-XHA,https://haohuo.jinritemai.com/ecommerce/trade/detail/index.html?id=3790714874083017190,故事树,个人护理>洗发护发>洗发水,故事树洗护发旗舰店,¥58,217302,110857,是,否
2026-09,7,【达人专享】卡诗元气姜粉瓶沁透洗发水500ML无硅油蓬松清洁3,https://haohuo.jinritemai.com/ecommerce/trade/detail/index.html?id=3841906301512843672,卡诗/KERASTASE,个人护理>洗发护发>洗发水,卡诗KERASTASE官方旗舰店,¥381,145436,12288,是,否
2026-09,8,【中国科学院博士】初葵赋活强韧洗发水 防断发控油蓬松去屑洗发水,https://haohuo.jinritemai.com/ecommerce/trade/detail/index.html?id=3806865621908586679,初葵,个人护理>洗发护发>洗发水,初葵洗护清洁旗舰店,¥109,144493,38044,是,否
2026-09,9,【拍1发3】小灵树防.脱加强.植萃固.发洗发露,https://haohuo.jinritemai.com/ecommerce/trade/detail/index.html?id=3834282425249300934,小灵树,个人护理>洗发护发>洗发水,小灵树个人护理旗舰店,¥69,143642,56703,是,否
2026-09,10,【直播间领券下单】长发小寨淘米水洗发水防脱固发滋养发根控油sh,https://haohuo.jinritemai.com/ecommerce/trade/detail/index.html?id=3715385328777953559,长发小寨,个人护理>洗发护发>洗发水,长发小寨官方旗舰店,¥143,139743,29135,是,否
2026-09,11,【樊振东代言】海飞丝洗发水去屑柔顺保湿芳香护发家庭装官方旗舰店,https://haohuo.jinritemai.com/ecommerce/trade/detail/index.html?id=3835214654620172460,海飞丝/head&shoulders,个人护理>洗发护发>洗发水,海飞丝官方旗舰店,¥139,138374,29367,是,否
2026-09,12,EHD防脱防断洗发水控油固发蓬松植萃正品洗发露洗头膏留香护发,https://haohuo.jinritemai.com/ecommerce/trade/detail/index.html?id=3606783790963375116,EHD,个人护理>洗发护发>洗发水,,￥84-137,137139,39239,是,否
2026-09,13,三个魔发匠【田亮代言】可比落洗发水强韧固发防脱防断修护控油蓬松,https://haohuo.jinritemai.com/ecommerce/trade/detail/index.html?id=3790139131569504289,三个魔发匠,个人护理>洗发护发>洗发水,三个魔发匠可比落防脱养发,¥130,131588,29099,是,否
2026-09,14,【孙颖莎代言】半亩花田防脱洗发水控油蓬松防脱精华发膜防掉固发FT,https://haohuo.jinritemai.com/ecommerce/trade/detail/index.html?id=3820247818715660318,半亩花田/Little Dream Garden,个人护理>洗发护发>洗发水,半亩花田美容美发旗舰店,¥95,118968,34839,是,否
2026-09,15,【金秋限定桂花香！洗+洗】韩束3D超蓬瓶洗发水控油去屑护发防断芳香,https://haohuo.jinritemai.com/ecommerce/trade/detail/index.html?id=3723388100739727516,韩束/KANS,个人护理>洗发护发>洗发水,韩束官方旗舰店,¥61,113039,48753,是,否
2026-09,16,【爆款蓬蓬瓶】Spes多肽精华控油蓬松洗发水去屑柔顺高颅顶清洁dt,https://haohuo.jinritemai.com/ecommerce/trade/detail/index.html?id=3776066911675220206,诗裴丝/Spes,个人护理>洗发护发>洗发水,SPES诗裴丝官方旗舰店,¥193,111797,16294,是,否
2026-09,17,【COCO温峥嵘力荐】KYOCA/极方控油修护防脱洗护洗发水持久留香蓬松,https://haohuo.jinritemai.com/ecommerce/trade/detail/index.html?id=3745743845565006252,极方/KYOCA,个人护理>洗发护发>洗发水,KYOCA极方官方旗舰店,¥166,110231,18283,是,否
2026-09,18,【持证防脱】韩束防脱固发修护洗发水焕活肽清洁防断固发去油,https://haohuo.jinritemai.com/ecommerce/trade/detail/index.html?id=3801292274642584034,韩束/KANS,个人护理>洗发护发>洗发水,韩束官方旗舰店,¥73,108225,38290,是,否
2026-09,19,【中重度脱发拍】韩束防脱固发修护洗发水腺苷焕活肽防掉去油滋养,https://haohuo.jinritemai.com/ecommerce/trade/detail/index.html?id=3801820239939895708,韩束/KANS,个人护理>洗发护发>洗发水,韩束洗护官方旗舰店,¥99,107758,29545,是,否
2026-09,20,【免费试用】韩束防脱固发修护洗发水焕活肽防断防掉去油滋养,https://haohuo.jinritemai.com/ecommerce/trade/detail/index.html?id=3801817351708606635,韩束/KANS,个人护理>洗发护发>洗发水,韩束洗护官方旗舰店,¥67,103185,38736,是,否
2026-09,21,【孙颖莎推荐】半亩花田控油蓬松洗发水洗头膏护发素防断发留香XF,https://haohuo.jinritemai.com/ecommerce/trade/detail/index.html?id=3727286638133510266,半亩花田/Little Dream Garden,个人护理>洗发护发>洗发水,半亩花田洗护发旗舰店,¥70,102914,36901,是,否
2026-09,22,海洋至尊男士控油洗发水沐浴露洗面奶清洁洗护套组蓬松持久留香,https://haohuo.jinritemai.com/ecommerce/trade/detail/index.html?id=3786070124801425619,海洋至尊,个人护理>洗发护发>洗发水,海洋至尊官方旗舰店,¥90,98046,28504,是,否
2026-09,23,【专注防脱】2盒-苗甄堂草本防脱洗发水-固发控油去屑-LH,https://haohuo.jinritemai.com/ecommerce/trade/detail/index.html?id=3707399371957076455,苗甄堂,个人护理>洗发护发>洗发水,量鉑甄选养发,¥59,93610,37629,是,否
2026-09,24,秀鹤颜【防脱固发】拍一发二 草本植萃 防脱洗发水-S2,https://haohuo.jinritemai.com/ecommerce/trade/detail/index.html?id=3829292891050737916,秀鹤颜,个人护理>洗发护发>洗发水,秀鹤颜谦卓洗护发专卖店,¥39,90185,52526,是,否
2026-09,25,新升级 2.0夏伯雅莲依兰香洗发水多肽精油香氛控油去屑防断发666g,https://haohuo.jinritemai.com/ecommerce/trade/detail/index.html?id=3710178975906136326,夏伯雅莲,个人护理>洗发护发>洗发水,夏伯雅莲官方旗舰店,¥56,88342,36528,是,否
2026-09,26,【孙颖莎代言】半亩花田防脱洗发水控油蓬松防脱精华发膜防掉固发FT,https://haohuo.jinritemai.com/ecommerce/trade/detail/index.html?id=3831891724045779428,半亩花田/Little Dream Garden,个人护理>洗发护发>洗发水,半亩花田美容美发旗舰店,¥111,85733,18382,是,否
2026-09,27,法国klorane康如金鸡纳防脱洗发水400ml*4+25ml-DB,https://haohuo.jinritemai.com/ecommerce/trade/detail/index.html?id=3814852175788638438,康如/KLORANE,个人护理>洗发护发>洗发水,KLORANE康如官方旗舰店,¥267,85717,8733,是,否
2026-09,28,【直播间领券下单】长发小寨淘米水洗发水防脱丰盈滋养强韧发根sh,https://haohuo.jinritemai.com/ecommerce/trade/detail/index.html?id=3821276253047095603,长发小寨,个人护理>洗发护发>洗发水,长发小寨官方旗舰店,¥78,84814,26830,是,否
2026-09,29,【董璇同款 传承红瑶技艺】瑶品淘米草本原浆洗发无硅无醇控油去屑1,https://haohuo.jinritemai.com/ecommerce/trade/detail/index.html?id=3797726534995935531,瑶品,个人护理>洗发护发>洗发水,瑶品官方旗舰店,¥75,84287,27351,是,否
2026-09,30,【官方旗舰店】谷甸洗发水12种氨基酸蓬松控油去屑止痒柔顺滋养洗护,https://haohuo.jinritemai.com/ecommerce/trade/detail/index.html?id=3712218943688147012,谷甸,个人护理>洗发护发>洗发水,谷甸官方旗舰店,¥73,83305,27463,是,否
2026-09,31,【限时补贴价168马上失效】【头油痒屑】康王控油去屑二硫化硒洗发水,https://haohuo.jinritemai.com/ecommerce/trade/detail/index.html?id=3832455561052553471,康王,个人护理>洗发护发>洗发水,康王官方旗舰店,¥116,81733,16538,是,否
2026-09,32,法国klorane康如金鸡纳防脱蓬松洗发露-DB,https://haohuo.jinritemai.com/ecommerce/trade/detail/index.html?id=3844516797835510020,康如/KLORANE,个人护理>洗发护发>洗发水,KLORANE康如官方旗舰店,¥216,80857,9535,是,否
2026-09,33,Fino芬浓【新品】双效洗发露 头皮清爽发尾柔顺控油蓬松修护1620ml,https://haohuo.jinritemai.com/ecommerce/trade/detail/index.html?id=3831687994411188568,Fino,个人护理>洗发护发>洗发水,Fino芬浓官方旗舰店,¥166,73211,11711,是,否
2026-09,34,娜帕蒂卡柔顺洗发水护发高级控油蓬松持久留香推荐官方旗舰店直播,https://haohuo.jinritemai.com/ecommerce/trade/detail/index.html?id=3586739389851653588,娜帕蒂卡/napattiga,个人护理>洗发护发>洗发水,,￥60-75,71459,25668,是,否
2026-09,35,《全新升级专注防脱》2瓶【苗甄堂】草本防脱洗发水LH控油去屑,https://haohuo.jinritemai.com/ecommerce/trade/detail/index.html?id=3820213585754325140,苗甄堂,个人护理>洗发护发>洗发水,星湛臻选,¥39,69919,40357,是,否
2026-09,36,歌拉丝歌GELASIGE C00控油蓬松洗发乳,https://haohuo.jinritemai.com/ecommerce/trade/detail/index.html?id=3843900418522483084,歌拉丝歌/GELASIGE,个人护理>洗发护发>洗发水,歌拉丝歌官方旗舰店,¥40,69628,39214,是,否
2026-09,37,【限时补贴马上失效】【油痒屑包】康王二硫化硒控油去屑洗发水460ml,https://haohuo.jinritemai.com/ecommerce/trade/detail/index.html?id=3706834680251809976,康王,个人护理>洗发护发>洗发水,康王官方旗舰店,¥118,69488,14463,是,否
2026-09,38,法国klorane康如金鸡纳防脱蓬松洗发露-DB,https://haohuo.jinritemai.com/ecommerce/trade/detail/index.html?id=3842455557013373082,康如/KLORANE,个人护理>洗发护发>洗发水,KLORANE康如官方旗舰店,¥218,69279,8676,是,否
2026-09,39,【中重度脱发拍】韩束防脱固发修护洗发水腺苷焕活肽防掉去油滋养,https://haohuo.jinritemai.com/ecommerce/trade/detail/index.html?id=3788926142761795815,韩束/KANS,个人护理>洗发护发>洗发水,韩束洗护官方旗舰店,¥98,66555,16242,是,否
2026-09,40,【特证防脱 固发强韧】KONO卡厘固发防脱洗发水蓬松高颅顶姜木柠香,https://haohuo.jinritemai.com/ecommerce/trade/detail/index.html?id=3787317054630133843,KONO,个人护理>洗发护发>洗发水,KONO官方旗舰店,¥97,66289,16402,是,否
2026-09,41,【祎声晚安】拉芳强韧修护香氛洗发水防断控油清爽蓬松滋养强韧发,https://haohuo.jinritemai.com/ecommerce/trade/detail/index.html?id=3826130770821513479,拉芳,个人护理>洗发护发>洗发水,拉芳官方旗舰店,¥179,64698,9329,是,否
2026-09,42,【官方正品&商超严选】多肽洗发水控油蓬松去屑持久留香洗头膏男女,https://haohuo.jinritemai.com/ecommerce/trade/detail/index.html?id=3634137581672862999,爱兰歌娜/Algn,个人护理>洗发护发>洗发水,,￥19-24,64127,57162,是,否
2026-09,43,【政瞳同款】99相伴礼盒水之蔻精华洗发水修护发膜美白身体乳,https://haohuo.jinritemai.com/ecommerce/trade/detail/index.html?id=3838940755636912541,水之蔻/watercome,个人护理>洗发护发>洗发水,水之蔻官方旗舰店,¥296,63716,5825,是,否
2026-09,44,墨见【植物萃取+养发护发】淘米水何首乌侧柏叶人参草本洗发水450ML,https://haohuo.jinritemai.com/ecommerce/trade/detail/index.html?id=3810336917548040489,墨见,个人护理>洗发护发>洗发水,墨见洗护发旗舰店,¥76,63106,18890,是,否
2026-09,45,【邓亚萍推荐】KONO控油蓬松洗发水持久留香奢护黑标小K瓶,https://haohuo.jinritemai.com/ecommerce/trade/detail/index.html?id=3602523489405378255,KONO,个人护理>洗发护发>洗发水,KONO官方旗舰店,￥88-126,63009,11700,是,否
2026-09,46,Spes诗裴丝青蒿侧柏叶控油去屑洗发水420ml dr,https://haohuo.jinritemai.com/ecommerce/trade/detail/index.html?id=3799929732884201854,诗裴丝/Spes,个人护理>洗发护发>洗发水,spes诗裴丝个人护理旗舰店,¥78,61410,18003,是,否
2026-09,47,【侧柏叶洗发水】霞湖世家 三十二味草本植萃控油蓬松去屑洗发液,https://haohuo.jinritemai.com/ecommerce/trade/detail/index.html?id=3825933693965435053,霞湖世家,个人护理>洗发护发>洗发水,霞湖世家官方旗舰店,¥121,61253,12253,是,否
2026-09,48,【多款任选】沙宣洗发水保湿改善毛躁芳香洗发护发家庭装官方正品ZA,https://haohuo.jinritemai.com/ecommerce/trade/detail/index.html?id=3819460323526705566,沙宣/VS,个人护理>洗发护发>洗发水,沙宣官方旗舰店,¥73,60613,18654,是,否
2026-09,49,阿道夫香氛精油洗发水清爽控油去屑蓬松止痒柔顺洗护套装男女正品,https://haohuo.jinritemai.com/ecommerce/trade/detail/index.html?id=3526483939751523689,阿道夫/ADOLPH,个人护理>洗发护发>洗发水,,￥33-77,60214,16106,是,是
2026-09,50,【跳水队推荐】拉芳去屑止痒洗发水洗发膏蓬松柔顺官方控油洗发露,https://haohuo.jinritemai.com/ecommerce/trade/detail/index.html?id=3725384455100170511,拉芳,个人护理>洗发护发>洗发水,拉芳官方旗舰店,¥64,58505,20022,是,否
2026-09,51,【谷爱凌同款】潘婷香氛净澈蓬松洗发水洗护套装控油修护芳香护发,https://haohuo.jinritemai.com/ecommerce/trade/detail/index.html?id=3824972261333533074,潘婷/PANTENE,个人护理>洗发护发>洗发水,潘婷官方旗舰店,¥84,57866,15564,是,是
2026-09,52,黛青丝【古方养发】草本防脱洗发水萃取植物精华强韧控油去屑防秃头,https://haohuo.jinritemai.com/ecommerce/trade/detail/index.html?id=3740218355139871129,黛青丝,个人护理>洗发护发>洗发水,黛青丝官方旗舰店,¥72,57601,17780,是,否
2026-09,53,Gsirjyyp【油+掉】沙棘氨基酸蓬松控油洗发水洗头膏洗头500ml/瓶,https://haohuo.jinritemai.com/ecommerce/trade/detail/index.html?id=3773049843329663370,Gsirjyyp,个人护理>洗发护发>洗发水,Gsirjyyp个护用品旗舰店,¥49,57456,26445,是,否
2026-09,54,潘婷洗发水控油蓬松持久留香护发素干枯毛躁修复顺滑洗头膏洗发露,https://haohuo.jinritemai.com/ecommerce/trade/detail/index.html?id=3647234586427193098,潘婷/PANTENE,个人护理>洗发护发>洗发水,潘婷官方旗舰店,￥61-82,57422,20328,是,否
2026-09,55,【达人短视频】SHEVEU赛逸硫化硒去屑洗发水控油止痒清爽蓬松修护,https://haohuo.jinritemai.com/ecommerce/trade/detail/index.html?id=3614820388787355526,sheveu,个人护理>洗发护发>洗发水,,￥56-114,57069,24774,是,否
2026-09,56,【央妈同款】【脱发 断发选】拜耳康王腺苷防脱洗发水 能防脱 能防断,https://haohuo.jinritemai.com/ecommerce/trade/detail/index.html?id=3648389122994898370,康王,个人护理>洗发护发>洗发水,康王官方旗舰店,￥179-278,55622,7678,是,否
2026-09,57,【头油头痒头屑】康王青少年控油去屑洗发水温和清爽止痒学生洗头膏,https://haohuo.jinritemai.com/ecommerce/trade/detail/index.html?id=3824413561166365078,康王,个人护理>洗发护发>洗发水,康王官方旗舰店,¥174,54127,7634,否,否
2026-09,58,【国庆出游季】海洋至尊男士控油洗发水蓬松持久留香净屑止痒洗头膏,https://haohuo.jinritemai.com/ecommerce/trade/detail/index.html?id=3607413321499859111,海洋至尊,个人护理>洗发护发>洗发水,,￥77-83,53735,15256,是,否
2026-09,59,昔色洗发水控油蓬松清爽洗发露持久留香洗头膏清爽柔顺大容量推荐,https://haohuo.jinritemai.com/ecommerce/trade/detail/index.html?id=3747230479900868907,昔色/XISE,个人护理>洗发护发>洗发水,昔色洗护发旗舰店,¥39,53453,29528,是,否
2026-09,60,Off&Relax蓬松&蓬盈洗发水2.0洗发水清爽零压瓶控油,https://haohuo.jinritemai.com/ecommerce/trade/detail/index.html?id=3601821109571430348,Off&Relax,个人护理>洗发护发>洗发水,Off&Relax官方旗舰店,￥89-226,53352,13461,是,否
2026-09,61,歌拉丝歌GELASIGE碳量子点控油蓬松洗发乳溶油 4.0版@,https://haohuo.jinritemai.com/ecommerce/trade/detail/index.html?id=3761907411762413907,歌拉丝歌/GELASIGE,个人护理>洗发护发>洗发水,歌拉丝歌官方旗舰店,¥41,53028,28165,是,否
2026-09,62,故事树【持证防脱】防脱洗发露 拍一发二-XHS,https://haohuo.jinritemai.com/ecommerce/trade/detail/index.html?id=3830791432873050940,故事树,个人护理>洗发护发>洗发水,故事树洗护发旗舰店,¥59,52159,18604,是,否
2026-09,63,【孙颖莎代言】半亩花田防脱洗发水持证防掉固发侧柏叶控油蓬松zc,https://haohuo.jinritemai.com/ecommerce/trade/detail/index.html?id=3823900593920016823,半亩花田/Little Dream Garden,个人护理>洗发护发>洗发水,半亩花田美容美发旗舰店,¥75,51783,14890,是,否
2026-09,64,【全新升级2.0】Spes诗裴丝多肽精华蓬松控油洗发水500ml,https://haohuo.jinritemai.com/ecommerce/trade/detail/index.html?id=3747074871088251085,诗裴丝/Spes,个人护理>洗发护发>洗发水,spes诗裴丝个人护理旗舰店,¥203,51522,6388,是,否
2026-09,65,潘婷洗发水控油蓬松持久留香护发洗护洗头膏潘婷护发素官旗正品,https://haohuo.jinritemai.com/ecommerce/trade/detail/index.html?id=3809235975603879982,潘婷/PANTENE,个人护理>洗发护发>洗发水,潘婷官方旗舰店,¥65,51284,16712,是,否
2026-09,66,【爆款蓬蓬瓶】Spes多肽精华控油蓬松洗发水高颅顶柔顺留香dt,https://haohuo.jinritemai.com/ecommerce/trade/detail/index.html?id=3458907217833653444,诗裴丝/Spes,个人护理>洗发护发>洗发水,SPES诗裴丝官方旗舰店,¥178,51065,7017,是,否
2026-09,67,【鞠婧祎同款】拉芳发芯修护洗发水防断控油洗发膏清爽蓬松强韧洗护,https://haohuo.jinritemai.com/ecommerce/trade/detail/index.html?id=3686407453118955655,拉芳,个人护理>洗发护发>洗发水,拉芳官方旗舰店,￥47-60,50996,24241,是,否
2026-09,68,《小园子专属》蓝胖子轻盈蓬松洗发水（蓬松轻盈）妍,https://haohuo.jinritemai.com/ecommerce/trade/detail/index.html?id=3688293948700360865,'-,个人护理>洗发护发>洗发水,妍妍的服装销售店,¥130,50281,9016,是,否
2026-09,69,【滋养抚顺秀发】欧莱雅洗发水护发柔顺洗发露润养顺滑修护洗发乳-,https://haohuo.jinritemai.com/ecommerce/trade/detail/index.html?id=3784199846748095249,欧莱雅/L'ORÉAL,个人护理>洗发护发>洗发水,欧莱雅个人护理旗舰店,¥96,50111,11555,是,否
2026-09,70,【专攻脱发3.0加强版】 守住你的发量 白桦树汁原液防脱洗发 超值装,https://haohuo.jinritemai.com/ecommerce/trade/detail/index.html?id=3794165118024155526,白桦依然,个人护理>洗发护发>洗发水,白桦依然个人护理旗舰店,¥66,49911,15858,是,否
2026-09,71,【中重度脱发拍】韩束防脱固发修护洗发水腺苷焕活肽防掉去油滋养,https://haohuo.jinritemai.com/ecommerce/trade/detail/index.html?id=3801089286066012245,韩束/KANS,个人护理>洗发护发>洗发水,韩束官方旗舰店,¥104,48959,10505,是,否
2026-09,72,【防脱套组】KYOCA极方防脱控油蓬松洗发水洗发露+护发素爆款套组BD,https://haohuo.jinritemai.com/ecommerce/trade/detail/index.html?id=3745935633118527891,极方/KYOCA,个人护理>洗发护发>洗发水,KYOCA极方官方旗舰店,¥198,48317,5880,是,否
2026-09,73,《全新升级专注防脱》2瓶【苗甄堂】草本防脱发洗发水lh 控油 去屑,https://haohuo.jinritemai.com/ecommerce/trade/detail/index.html?id=3816517061971148873,苗甄堂,个人护理>洗发护发>洗发水,秀书专注防脱养发,¥39,48118,26418,是,否
2026-09,74,【专攻脱发】守住你的发量 白桦树汁原液 防脱洗发水,https://haohuo.jinritemai.com/ecommerce/trade/detail/index.html?id=3793728384199164004,白桦依然,个人护理>洗发护发>洗发水,白桦依然个人护理旗舰店,¥49,48006,19557,是,否
2026-09,75,【特证防脱 固发强韧】KONO卡厘固发防脱洗发水高颅顶姜木柠香KOC,https://haohuo.jinritemai.com/ecommerce/trade/detail/index.html?id=3787521525196914910,KONO,个人护理>洗发护发>洗发水,KONO官方旗舰店,¥58,47494,16910,是,否
2026-09,76,【控油去屑】清扬男士家庭大容量洗发水官方去屑控油净爽蓬松,https://haohuo.jinritemai.com/ecommerce/trade/detail/index.html?id=3838181778972082340,清扬/CLEAR,个人护理>洗发护发>洗发水,清扬官方旗舰店,¥80,47390,12676,是,否
2026-09,77,【宋佳推荐】Spes多肽蓬蓬瓶控油蓬松洗发水去屑柔顺高颅顶清洁dt,https://haohuo.jinritemai.com/ecommerce/trade/detail/index.html?id=3705539432066187551,诗裴丝/Spes,个人护理>洗发护发>洗发水,SPES诗裴丝官方旗舰店,¥178,46805,6430,是,否
2026-09,78,【3.0锌升级送护发素】赫系轻盈洗发水控油去屑留香洗护发洗护套装,https://haohuo.jinritemai.com/ecommerce/trade/detail/index.html?id=3691082000791371794,赫系,个人护理>洗发护发>洗护套装,赫系官方旗舰店,￥39-55,46093,15567,否,是
2026-09,79,【全新升级2.0】浅香元气樱花香洗发水72h控油肽氨基酸蓬松留香止痒,https://haohuo.jinritemai.com/ecommerce/trade/detail/index.html?id=3498081400320580233,浅香,个人护理>洗发护发>洗发水,浅香官方旗舰店,¥61,45909,15264,是,否
2026-09,80,【老爸抽检】Roye若也植萃去屑止痒洗发水洗头膏控油蓬松留香,https://haohuo.jinritemai.com/ecommerce/trade/detail/index.html?id=3560045931246276710,若也/Roye,个人护理>洗发护发>洗发水,Roye若也官方旗舰店,￥61-199,45374,9027,是,否
