品牌,2026-04金额指数,2026-05金额指数,2026-06金额指数,2026-07金额指数,2026-08金额指数,2026-09金额指数,8至9月指数变动率_%,4至9月指数变动率_%,9月名次,注意
韩束/KANS,227187,300226,325224,440114,695151,578176,-16.83,154.49,1,罗盘榜单指数，非人民币GMV；空白表示未进入当月前30名
诗裴丝/Spes,164497,271985,247169,449909,562420,349443,-37.87,112.43,2,罗盘榜单指数，非人民币GMV；空白表示未进入当月前30名
半亩花田/Little Dream Garden,165723,297223,283979,254896,363503,325419,-10.48,96.36,3,罗盘榜单指数，非人民币GMV；空白表示未进入当月前30名
康王,236686,351463,342329,304329,400866,315609,-21.27,33.35,4,罗盘榜单指数，非人民币GMV；空白表示未进入当月前30名
固然堂,,,,156271,253024,312396,23.46,,5,罗盘榜单指数，非人民币GMV；空白表示未进入当月前30名
白云山,325236,327251,283393,260713,303886,309191,1.75,-4.93,6,罗盘榜单指数，非人民币GMV；空白表示未进入当月前30名
海飞丝/head&shoulders,220312,301238,304626,262704,299777,263861,-11.98,19.77,7,罗盘榜单指数，非人民币GMV；空白表示未进入当月前30名
卡诗/KERASTASE,426955,232571,187527,154533,199049,261167,31.21,-38.83,8,罗盘榜单指数，非人民币GMV；空白表示未进入当月前30名
科芮实验室,,,133292,200144,249680,259929,4.1,,9,罗盘榜单指数，非人民币GMV；空白表示未进入当月前30名
故事树,,,,,,246521,,,10,罗盘榜单指数，非人民币GMV；空白表示未进入当月前30名
仙花秀/Sinhosoo,149112,152889,183302,203521,215352,232596,8.01,55.99,11,罗盘榜单指数，非人民币GMV；空白表示未进入当月前30名
长发小寨,517011,401833,253701,250666,239045,232544,-2.72,-55.02,12,罗盘榜单指数，非人民币GMV；空白表示未进入当月前30名
康如/KLORANE,231480,,122433,,,217398,,-6.08,13,罗盘榜单指数，非人民币GMV；空白表示未进入当月前30名
KONO,,,,,,215241,,,14,罗盘榜单指数，非人民币GMV；空白表示未进入当月前30名
拉芳,,,175939,118045,141047,194785,38.1,,15,罗盘榜单指数，非人民币GMV；空白表示未进入当月前30名
潘婷/PANTENE,,,,,182299,191807,5.22,,16,罗盘榜单指数，非人民币GMV；空白表示未进入当月前30名
EHD,138984,162626,224344,222804,193065,189799,-1.69,36.56,17,罗盘榜单指数，非人民币GMV；空白表示未进入当月前30名
清扬/CLEAR,177267,197431,239665,162473,188975,188677,-0.16,6.44,18,罗盘榜单指数，非人民币GMV；空白表示未进入当月前30名
三个魔发匠,,,130177,113624,,185502,,,19,罗盘榜单指数，非人民币GMV；空白表示未进入当月前30名
歌拉丝歌/GELASIGE,178026,177981,175467,188350,194768,166900,-14.31,-6.25,20,罗盘榜单指数，非人民币GMV；空白表示未进入当月前30名
苗甄堂,,,,,159863,161296,0.9,,21,罗盘榜单指数，非人民币GMV；空白表示未进入当月前30名
初葵,,,139205,,134914,161223,19.5,,22,罗盘榜单指数，非人民币GMV；空白表示未进入当月前30名
小灵树,153064,139765,176833,149280,143718,160800,11.89,5.05,23,罗盘榜单指数，非人民币GMV；空白表示未进入当月前30名
极方/KYOCA,,,,,197635,158549,-19.78,,24,罗盘榜单指数，非人民币GMV；空白表示未进入当月前30名
秀鹤颜,,,,112983,154178,155278,0.71,,25,罗盘榜单指数，非人民币GMV；空白表示未进入当月前30名
Off&Relax,253907,180318,174116,160347,197852,153474,-22.43,-39.56,26,罗盘榜单指数，非人民币GMV；空白表示未进入当月前30名
欧莱雅/L'ORÉAL,180330,138821,,135100,233010,143558,-38.39,-20.39,27,罗盘榜单指数，非人民币GMV；空白表示未进入当月前30名
养元青/YANGYUANQING,226623,178365,257274,143561,143017,142726,-0.2,-37.02,28,罗盘榜单指数，非人民币GMV；空白表示未进入当月前30名
海洋主义/socus,131280,132911,116087,,140129,140772,0.46,7.23,29,罗盘榜单指数，非人民币GMV；空白表示未进入当月前30名
海洋至尊,118403,,,138541,,137450,,16.09,30,罗盘榜单指数，非人民币GMV；空白表示未进入当月前30名
若也/Roye,113960,211690,138569,114403,193997,,,,,罗盘榜单指数，非人民币GMV；空白表示未进入当月前30名
夏伯雅莲,124078,118643,,,149495,,,,,罗盘榜单指数，非人民币GMV；空白表示未进入当月前30名
舒蕾/SLEK,,,,,148586,,,,,罗盘榜单指数，非人民币GMV；空白表示未进入当月前30名
阿道夫/ADOLPH,121733,141645,188772,121048,143474,,,,,罗盘榜单指数，非人民币GMV；空白表示未进入当月前30名
谷甸,123250,145306,147183,135300,134001,,,,,罗盘榜单指数，非人民币GMV；空白表示未进入当月前30名
懿美博士/Dr.emiser,116545,162768,,315637,,,,,,罗盘榜单指数，非人民币GMV；空白表示未进入当月前30名
娜帕蒂卡/napattiga,119290,155452,130991,132682,,,,,,罗盘榜单指数，非人民币GMV；空白表示未进入当月前30名
够爱/GOUAI,,,,130378,,,,,,罗盘榜单指数，非人民币GMV；空白表示未进入当月前30名
魔香/MCHOIX,,203322,,130190,,,,,,罗盘榜单指数，非人民币GMV；空白表示未进入当月前30名
沙宣/VS,,136973,134192,123908,,,,,,罗盘榜单指数，非人民币GMV；空白表示未进入当月前30名
滋源/SEEYOUNG,,,325428,,,,,,,罗盘榜单指数，非人民币GMV；空白表示未进入当月前30名
质润/ZRVIVE,157833,136961,154161,,,,,,,罗盘榜单指数，非人民币GMV；空白表示未进入当月前30名
惊时/Awaken Seeds,116077,156084,120851,,,,,,,罗盘榜单指数，非人民币GMV；空白表示未进入当月前30名
薇姿/Vichy,,139029,116641,,,,,,,罗盘榜单指数，非人民币GMV；空白表示未进入当月前30名
沪兮女王,,163923,,,,,,,,罗盘榜单指数，非人民币GMV；空白表示未进入当月前30名
sheveu,,123639,,,,,,,,罗盘榜单指数，非人民币GMV；空白表示未进入当月前30名
VINCEREANCIENT,165737,,,,,,,,,罗盘榜单指数，非人民币GMV；空白表示未进入当月前30名
白桦依然,143905,,,,,,,,,罗盘榜单指数，非人民币GMV；空白表示未进入当月前30名
育草堂,110319,,,,,,,,,罗盘榜单指数，非人民币GMV；空白表示未进入当月前30名
