品牌,榜内成人标题候选商品数,可判定主导渠道,直播销售额下界_元,直播销售额上界_元,视频销售额下界_元,视频销售额上界_元,商品卡销售额下界_元,商品卡销售额上界_元,说明
海飞丝,76,无法判定,164925500,,17199500,37015000,52475000,,仅前2000商品的标题初筛；1000w+无上界；主导渠道需要至少3个商品并且一区间下界高于另两区间上界
卡诗,57,无法判定,72500000,,9302250,20890000,25400000,58700000,仅前2000商品的标题初筛；1000w+无上界；主导渠道需要至少3个商品并且一区间下界高于另两区间上界
诗裴丝,52,无法判定,171160000,,53416000,,59425000,,仅前2000商品的标题初筛；1000w+无上界；主导渠道需要至少3个商品并且一区间下界高于另两区间上界
长发小寨,49,无法判定,117011250,,15101000,,31070000,,仅前2000商品的标题初筛；1000w+无上界；主导渠道需要至少3个商品并且一区间下界高于另两区间上界
康王,41,无法判定,142625000,,12005000,26710000,61270000,,仅前2000商品的标题初筛；1000w+无上界；主导渠道需要至少3个商品并且一区间下界高于另两区间上界
清扬,41,无法判定,74165000,,5930500,13566500,31125000,66200000,仅前2000商品的标题初筛；1000w+无上界；主导渠道需要至少3个商品并且一区间下界高于另两区间上界
养元青,34,无法判定,75550000,,6321000,13152500,14601000,30652750,仅前2000商品的标题初筛；1000w+无上界；主导渠道需要至少3个商品并且一区间下界高于另两区间上界
半亩花田,32,无法判定,83106000,,16426750,35014250,33350000,,仅前2000商品的标题初筛；1000w+无上界；主导渠道需要至少3个商品并且一区间下界高于另两区间上界
潘婷,28,无法判定,44872750,,11476250,23164250,42275000,,仅前2000商品的标题初筛；1000w+无上界；主导渠道需要至少3个商品并且一区间下界高于另两区间上界
Off&Relax,27,无法判定,48252500,,14113250,,23545000,,仅前2000商品的标题初筛；1000w+无上界；主导渠道需要至少3个商品并且一区间下界高于另两区间上界
韩束,26,无法判定,96160000,,30235000,,50625000,,仅前2000商品的标题初筛；1000w+无上界；主导渠道需要至少3个商品并且一区间下界高于另两区间上界
沙宣,24,无法判定,62110000,,1429250,3419000,10260000,22225000,仅前2000商品的标题初筛；1000w+无上界；主导渠道需要至少3个商品并且一区间下界高于另两区间上界
阿道夫,22,直播,52560000,,7107500,15815000,14762250,31730500,仅前2000商品的标题初筛；1000w+无上界；主导渠道需要至少3个商品并且一区间下界高于另两区间上界
EHD,21,无法判定,55750500,,17396000,,23400000,,仅前2000商品的标题初筛；1000w+无上界；主导渠道需要至少3个商品并且一区间下界高于另两区间上界
若也,21,无法判定,58104500,,4111750,9779000,13310500,29226000,仅前2000商品的标题初筛；1000w+无上界；主导渠道需要至少3个商品并且一区间下界高于另两区间上界
质润,21,无法判定,42553250,,3800750,7701500,19560000,40725000,仅前2000商品的标题初筛；1000w+无上界；主导渠道需要至少3个商品并且一区间下界高于另两区间上界
馥绿德雅,21,无法判定,35703500,,4615000,10285250,11600000,25850000,仅前2000商品的标题初筛；1000w+无上界；主导渠道需要至少3个商品并且一区间下界高于另两区间上界
康如,20,无法判定,50100000,,326000,652500,5052500,11905000,仅前2000商品的标题初筛；1000w+无上界；主导渠道需要至少3个商品并且一区间下界高于另两区间上界
懿美博士,20,无法判定,50625000,,10600000,21250000,2860500,5936000,仅前2000商品的标题初筛；1000w+无上界；主导渠道需要至少3个商品并且一区间下界高于另两区间上界
墨见,18,无法判定,67050000,,21050000,,19400000,,仅前2000商品的标题初筛；1000w+无上界；主导渠道需要至少3个商品并且一区间下界高于另两区间上界
海洋主义,18,无法判定,1463500,3182750,19770000,40045000,18000000,41500000,仅前2000商品的标题初筛；1000w+无上界；主导渠道需要至少3个商品并且一区间下界高于另两区间上界
三生花,16,无法判定,15550000,33750000,1876000,3803250,9575000,21900000,仅前2000商品的标题初筛；1000w+无上界；主导渠道需要至少3个商品并且一区间下界高于另两区间上界
欧莱雅,15,无法判定,36890000,,1652000,3355000,10076000,23302500,仅前2000商品的标题初筛；1000w+无上界；主导渠道需要至少3个商品并且一区间下界高于另两区间上界
VINCERE,14,直播,20510000,45025250,750250,1500500,3242500,7640000,仅前2000商品的标题初筛；1000w+无上界；主导渠道需要至少3个商品并且一区间下界高于另两区间上界
惊时,14,商品卡,27015250,,4302500,9125000,13200000,28000000,仅前2000商品的标题初筛；1000w+无上界；主导渠道需要至少3个商品并且一区间下界高于另两区间上界
歌拉丝歌,14,无法判定,72500000,,644250,1309250,16010000,34125000,仅前2000商品的标题初筛；1000w+无上界；主导渠道需要至少3个商品并且一区间下界高于另两区间上界
白云山,14,无法判定,35555000,,24032750,,25100000,,仅前2000商品的标题初筛；1000w+无上界；主导渠道需要至少3个商品并且一区间下界高于另两区间上界
拉芳,13,直播,40630000,,7355000,15760500,9275000,21150000,仅前2000商品的标题初筛；1000w+无上界；主导渠道需要至少3个商品并且一区间下界高于另两区间上界
沪兮女王,13,无法判定,14450000,32000000,17600000,38250000,6550000,13750000,仅前2000商品的标题初筛；1000w+无上界；主导渠道需要至少3个商品并且一区间下界高于另两区间上界
薇姿,13,无法判定,26375000,,9950500,21001000,26150000,,仅前2000商品的标题初筛；1000w+无上界；主导渠道需要至少3个商品并且一区间下界高于另两区间上界
赛逸,13,无法判定,25150000,,11708000,,18800000,,仅前2000商品的标题初筛；1000w+无上界；主导渠道需要至少3个商品并且一区间下界高于另两区间上界
JemaRose,12,无法判定,14710000,31025000,7621000,16302500,9200000,20500000,仅前2000商品的标题初筛；1000w+无上界；主导渠道需要至少3个商品并且一区间下界高于另两区间上界
KONO,12,视频,16380000,,17055500,36111000,7550000,16100000,仅前2000商品的标题初筛；1000w+无上界；主导渠道需要至少3个商品并且一区间下界高于另两区间上界
三个魔发匠,12,直播,12605000,28260000,3505000,8120000,4150000,9000000,仅前2000商品的标题初筛；1000w+无上界；主导渠道需要至少3个商品并且一区间下界高于另两区间上界
滋源,12,无法判定,27350000,,219000,488500,4955000,11010000,仅前2000商品的标题初筛；1000w+无上界；主导渠道需要至少3个商品并且一区间下界高于另两区间上界
瑶品,11,直播,27050000,,5385000,13335000,11550000,23600000,仅前2000商品的标题初筛；1000w+无上界；主导渠道需要至少3个商品并且一区间下界高于另两区间上界
霸王,11,直播,18150000,,4680000,9425000,6750000,15500000,仅前2000商品的标题初筛；1000w+无上界；主导渠道需要至少3个商品并且一区间下界高于另两区间上界
力士,9,直播,13735000,27575000,4650000,9850250,5100000,11750000,仅前2000商品的标题初筛；1000w+无上界；主导渠道需要至少3个商品并且一区间下界高于另两区间上界
超级种子,9,无法判定,10000000,21000000,4350000,10200000,6100000,13250000,仅前2000商品的标题初筛；1000w+无上界；主导渠道需要至少3个商品并且一区间下界高于另两区间上界
七绿,8,无法判定,25010000,,32500250,,25250000,,仅前2000商品的标题初筛；1000w+无上界；主导渠道需要至少3个商品并且一区间下界高于另两区间上界
三精制药,8,无法判定,23500000,,1013500,2027500,6750000,15000000,仅前2000商品的标题初筛；1000w+无上界；主导渠道需要至少3个商品并且一区间下界高于另两区间上界
三蒂丝,8,无法判定,16650000,33850000,1242500,3090000,7750000,17500000,仅前2000商品的标题初筛；1000w+无上界；主导渠道需要至少3个商品并且一区间下界高于另两区间上界
娜帕蒂卡,8,无法判定,13535000,,9510500,19526000,6975000,14050000,仅前2000商品的标题初筛；1000w+无上界；主导渠道需要至少3个商品并且一区间下界高于另两区间上界
小灵树,8,无法判定,38500000,,500,1250,4050000,8200000,仅前2000商品的标题初筛；1000w+无上界；主导渠道需要至少3个商品并且一区间下界高于另两区间上界
沭念,8,直播,11600000,24750000,1020000,2550000,2200000,4450000,仅前2000商品的标题初筛；1000w+无上界；主导渠道需要至少3个商品并且一区间下界高于另两区间上界
珍维丝,8,无法判定,10425000,21050000,12510000,26025000,4100000,9250000,仅前2000商品的标题初筛；1000w+无上界；主导渠道需要至少3个商品并且一区间下界高于另两区间上界
维特丝,8,商品卡,29500,70250,3850000,7850000,11500000,24000000,仅前2000商品的标题初筛；1000w+无上界；主导渠道需要至少3个商品并且一区间下界高于另两区间上界
舒霖,8,直播,13000000,27000000,2755500,5626000,4100000,9750000,仅前2000商品的标题初筛；1000w+无上界；主导渠道需要至少3个商品并且一区间下界高于另两区间上界
蜂花,8,无法判定,11510000,25025000,2500000,5600250,9500000,20500000,仅前2000商品的标题初筛；1000w+无上界；主导渠道需要至少3个商品并且一区间下界高于另两区间上界
100年润发,7,无法判定,15001000,,1045250,2100500,3050000,7250000,仅前2000商品的标题初筛；1000w+无上界；主导渠道需要至少3个商品并且一区间下界高于另两区间上界
几里田,7,无法判定,5750750,13001500,6000000,13500250,2250000,4500000,仅前2000商品的标题初筛；1000w+无上界；主导渠道需要至少3个商品并且一区间下界高于另两区间上界
暄秀,7,直播,7750000,18000000,56000,122500,1400000,3000000,仅前2000商品的标题初筛；1000w+无上界；主导渠道需要至少3个商品并且一区间下界高于另两区间上界
水之蔻,7,无法判定,18800000,,1310000,2625000,3100000,6750000,仅前2000商品的标题初筛；1000w+无上界；主导渠道需要至少3个商品并且一区间下界高于另两区间上界
瑛派儿,7,无法判定,12110000,24775000,13000000,27000000,6250000,13500000,仅前2000商品的标题初筛；1000w+无上界；主导渠道需要至少3个商品并且一区间下界高于另两区间上界
赫系,7,直播,9250000,20000000,1375000,3250000,3400000,7850000,仅前2000商品的标题初筛；1000w+无上界；主导渠道需要至少3个商品并且一区间下界高于另两区间上界
高缇雅,7,直播,7350000,15750000,2550000,5750000,1700000,3500000,仅前2000商品的标题初筛；1000w+无上界；主导渠道需要至少3个商品并且一区间下界高于另两区间上界
龙哥说,7,无法判定,3575000,8650000,3500500,8001000,2800000,6750000,仅前2000商品的标题初筛；1000w+无上界；主导渠道需要至少3个商品并且一区间下界高于另两区间上界
b2v,6,直播,8600500,17751000,352500,755000,2750000,6600000,仅前2000商品的标题初筛；1000w+无上界；主导渠道需要至少3个商品并且一区间下界高于另两区间上界
上山村,6,直播,18500000,,8635000,17825000,6100000,12250000,仅前2000商品的标题初筛；1000w+无上界；主导渠道需要至少3个商品并且一区间下界高于另两区间上界
丰添,6,直播,5601000,12752500,1130000,2310000,1400000,2850000,仅前2000商品的标题初筛；1000w+无上界；主导渠道需要至少3个商品并且一区间下界高于另两区间上界
和草集,6,无法判定,8135000,16325000,1180000,2910000,5500000,12000000,仅前2000商品的标题初筛；1000w+无上界；主导渠道需要至少3个商品并且一区间下界高于另两区间上界
固然堂,6,商品卡,14505000,,10362500,,7850000,16750000,仅前2000商品的标题初筛；1000w+无上界；主导渠道需要至少3个商品并且一区间下界高于另两区间上界
夏树学姐,6,无法判定,2225500,5551000,6851000,14252500,8250000,17500000,仅前2000商品的标题初筛；1000w+无上界；主导渠道需要至少3个商品并且一区间下界高于另两区间上界
徐海莉,6,直播,13775000,28050000,1355000,3260000,4250000,10000000,仅前2000商品的标题初筛；1000w+无上界；主导渠道需要至少3个商品并且一区间下界高于另两区间上界
极方,6,无法判定,27050000,,15050000,,12300000,25600000,仅前2000商品的标题初筛；1000w+无上界；主导渠道需要至少3个商品并且一区间下界高于另两区间上界
育草堂,6,无法判定,15500000,,500000,1000000,11600000,,仅前2000商品的标题初筛；1000w+无上界；主导渠道需要至少3个商品并且一区间下界高于另两区间上界
蔓迪,6,直播,20500000,,7500000,15500000,8500000,18000000,仅前2000商品的标题初筛；1000w+无上界；主导渠道需要至少3个商品并且一区间下界高于另两区间上界
达霏欣,6,直播,9000000,19500000,530000,1160000,2600000,5750000,仅前2000商品的标题初筛；1000w+无上界；主导渠道需要至少3个商品并且一区间下界高于另两区间上界
首品,6,无法判定,1300000,2700000,5000000,10500000,4500000,10500000,仅前2000商品的标题初筛；1000w+无上界；主导渠道需要至少3个商品并且一区间下界高于另两区间上界
Gsirjyyp,5,无法判定,23500000,,20000,50250,6000000,13500000,仅前2000商品的标题初筛；1000w+无上界；主导渠道需要至少3个商品并且一区间下界高于另两区间上界
NAK,5,无法判定,2510000,5525000,1200000,3000000,3600000,8750000,仅前2000商品的标题初筛；1000w+无上界；主导渠道需要至少3个商品并且一区间下界高于另两区间上界
丝颜悦色,5,直播,6500000,15000000,450000,1000000,1560000,3125000,仅前2000商品的标题初筛；1000w+无上界；主导渠道需要至少3个商品并且一区间下界高于另两区间上界
仁和匠心,5,无法判定,5500000,12000000,6525000,13550000,1800000,3600000,仅前2000商品的标题初筛；1000w+无上界；主导渠道需要至少3个商品并且一区间下界高于另两区间上界
仙花秀,5,无法判定,14000000,,22025000,,13500000,,仅前2000商品的标题初筛；1000w+无上界；主导渠道需要至少3个商品并且一区间下界高于另两区间上界
倾颜,5,视频,1500000,3500000,14500000,30000000,1250000,2600000,仅前2000商品的标题初筛；1000w+无上界；主导渠道需要至少3个商品并且一区间下界高于另两区间上界
卡洛美,5,无法判定,6500500,13501250,10750,26500,5750000,13000000,仅前2000商品的标题初筛；1000w+无上界；主导渠道需要至少3个商品并且一区间下界高于另两区间上界
吕,5,无法判定,5505250,11010500,77500,155000,2850000,6750000,仅前2000商品的标题初筛；1000w+无上界；主导渠道需要至少3个商品并且一区间下界高于另两区间上界
康迪生,5,无法判定,11575000,,14500000,,3310000,6625000,仅前2000商品的标题初筛；1000w+无上界；主导渠道需要至少3个商品并且一区间下界高于另两区间上界
故事树,5,直播,14000000,,3002500,7005000,3600000,7250000,仅前2000商品的标题初筛；1000w+无上界；主导渠道需要至少3个商品并且一区间下界高于另两区间上界
昔色,5,无法判定,8501000,17502750,12500000,,6850000,14250000,仅前2000商品的标题初筛；1000w+无上界；主导渠道需要至少3个商品并且一区间下界高于另两区间上界
海洋日记,5,直播,6000500,12501000,1505000,3510000,1520000,3050000,仅前2000商品的标题初筛；1000w+无上界；主导渠道需要至少3个商品并且一区间下界高于另两区间上界
爱兰歌娜,5,商品卡,1410000,3375000,11256000,,10000000,21000000,仅前2000商品的标题初筛；1000w+无上界；主导渠道需要至少3个商品并且一区间下界高于另两区间上界
白桦依然,5,无法判定,24500000,,1250,3250,6650000,13850000,仅前2000商品的标题初筛；1000w+无上界；主导渠道需要至少3个商品并且一区间下界高于另两区间上界
科芮实验室,5,无法判定,22500000,,4100000,8750000,9000000,18500000,仅前2000商品的标题初筛；1000w+无上界；主导渠道需要至少3个商品并且一区间下界高于另两区间上界
简皂,5,直播,16000000,32500000,1700000,3500000,5500000,12000000,仅前2000商品的标题初筛；1000w+无上界；主导渠道需要至少3个商品并且一区间下界高于另两区间上界
芬浓,5,直播,4600000,9750000,1000000,2000000,1950000,4500000,仅前2000商品的标题初筛；1000w+无上界；主导渠道需要至少3个商品并且一区间下界高于另两区间上界
苗仆,5,直播,9500000,20000000,505000,1010250,2850000,6750000,仅前2000商品的标题初筛；1000w+无上界；主导渠道需要至少3个商品并且一区间下界高于另两区间上界
谷甸,5,无法判定,14500000,,14510000,,19500000,,仅前2000商品的标题初筛；1000w+无上界；主导渠道需要至少3个商品并且一区间下界高于另两区间上界
资生堂专业美发,5,无法判定,8500000,18500000,425000,900000,3500000,8500000,仅前2000商品的标题初筛；1000w+无上界；主导渠道需要至少3个商品并且一区间下界高于另两区间上界
Goognn,4,直播,7000000,15000000,300000,750000,800000,1600000,仅前2000商品的标题初筛；1000w+无上界；主导渠道需要至少3个商品并且一区间下界高于另两区间上界
KERASYS,4,直播,8550000,17600000,1001500,2503500,500000,1100000,仅前2000商品的标题初筛；1000w+无上界；主导渠道需要至少3个商品并且一区间下界高于另两区间上界
丝曼香,4,无法判定,2300000,5600000,6050000,12600000,9000000,18500000,仅前2000商品的标题初筛；1000w+无上界；主导渠道需要至少3个商品并且一区间下界高于另两区间上界
兰欧莲,4,直播,9000000,18500000,1350000,3250000,2600000,6250000,仅前2000商品的标题初筛；1000w+无上界；主导渠道需要至少3个商品并且一区间下界高于另两区间上界
卡蓓诺,4,直播,5000000,11000000,137500,330000,1550000,3600000,仅前2000商品的标题初筛；1000w+无上界；主导渠道需要至少3个商品并且一区间下界高于另两区间上界
墨雪,4,无法判定,1501250,3503000,850000,1700000,2000000,4500000,仅前2000商品的标题初筛；1000w+无上界；主导渠道需要至少3个商品并且一区间下界高于另两区间上界
多芬,4,无法判定,1275000,3050000,2300000,5600000,2250000,5000000,仅前2000商品的标题初筛；1000w+无上界；主导渠道需要至少3个商品并且一区间下界高于另两区间上界
好迪,4,直播,3010000,7525000,1000000,2500000,1100250,2250500,仅前2000商品的标题初筛；1000w+无上界；主导渠道需要至少3个商品并且一区间下界高于另两区间上界
弹动,4,商品卡,702500,1505000,410000,875000,2750000,6500000,仅前2000商品的标题初筛；1000w+无上界；主导渠道需要至少3个商品并且一区间下界高于另两区间上界
春蔻,4,无法判定,1100000,2250000,3500000,8500000,4500000,9500000,仅前2000商品的标题初筛；1000w+无上界；主导渠道需要至少3个商品并且一区间下界高于另两区间上界
曼秀雷敦,4,无法判定,5500000,12500000,5020250,10050500,4000000,8000000,仅前2000商品的标题初筛；1000w+无上界；主导渠道需要至少3个商品并且一区间下界高于另两区间上界
海洋至尊,4,商品卡,17000000,,10100000,,11500000,23500000,仅前2000商品的标题初筛；1000w+无上界；主导渠道需要至少3个商品并且一区间下界高于另两区间上界
真皙,4,无法判定,11500,28750,5550000,11100000,4000000,10000000,仅前2000商品的标题初筛；1000w+无上界；主导渠道需要至少3个商品并且一区间下界高于另两区间上界
石家庄市中医院,4,直播,7500000,16000000,1265000,3035000,800000,1750000,仅前2000商品的标题初筛；1000w+无上界；主导渠道需要至少3个商品并且一区间下界高于另两区间上界
舒蕾,4,直播,7025000,15050000,77500,155000,1100000,2250000,仅前2000商品的标题初筛；1000w+无上界；主导渠道需要至少3个商品并且一区间下界高于另两区间上界
芮度,4,视频,1000000,2000250,7001000,15002500,1350000,2750000,仅前2000商品的标题初筛；1000w+无上界；主导渠道需要至少3个商品并且一区间下界高于另两区间上界
资生堂,4,无法判定,750000,1500000,2600000,5250000,5000000,11000000,仅前2000商品的标题初筛；1000w+无上界；主导渠道需要至少3个商品并且一区间下界高于另两区间上界
阿梵俢,4,无法判定,1550000,3600250,4500000,9500000,6750000,14000000,仅前2000商品的标题初筛；1000w+无上界；主导渠道需要至少3个商品并且一区间下界高于另两区间上界
黔东南州中医医院,4,直播,11000000,22000000,4100000,8750000,4250000,9000000,仅前2000商品的标题初筛；1000w+无上界；主导渠道需要至少3个商品并且一区间下界高于另两区间上界
BAILLEUL,3,直播,4500000,10000000,501000,1002500,700000,1500000,仅前2000商品的标题初筛；1000w+无上界；主导渠道需要至少3个商品并且一区间下界高于另两区间上界
LorealPro,3,直播,2100000,5250000,250000,500000,1025000,2050000,仅前2000商品的标题初筛；1000w+无上界；主导渠道需要至少3个商品并且一区间下界高于另两区间上界
NEXXUS,3,直播,4500000,10000000,6000,12500,800000,1600000,仅前2000商品的标题初筛；1000w+无上界；主导渠道需要至少3个商品并且一区间下界高于另两区间上界
且初,3,直播,12000000,,2505000,5010000,3000000,6000000,仅前2000商品的标题初筛；1000w+无上界；主导渠道需要至少3个商品并且一区间下界高于另两区间上界
丝露杰,3,无法判定,5002500,10005000,600000,1250250,3000000,7500000,仅前2000商品的标题初筛；1000w+无上界；主导渠道需要至少3个商品并且一区间下界高于另两区间上界
丽可植,3,商品卡,500250,1000500,450000,1000000,2000000,4500000,仅前2000商品的标题初筛；1000w+无上界；主导渠道需要至少3个商品并且一区间下界高于另两区间上界
依蜜蔻,3,直播,3000000,7500000,120000,300000,800000,1600000,仅前2000商品的标题初筛；1000w+无上界；主导渠道需要至少3个商品并且一区间下界高于另两区间上界
初葵,3,无法判定,15000000,,1500000,3500000,6250000,13000000,仅前2000商品的标题初筛；1000w+无上界；主导渠道需要至少3个商品并且一区间下界高于另两区间上界
即沐,3,无法判定,7550000,15100000,5500250,11000500,1200000,3000000,仅前2000商品的标题初筛；1000w+无上界；主导渠道需要至少3个商品并且一区间下界高于另两区间上界
发之食谱,3,无法判定,2100000,5250000,600000,1250000,3000000,7500000,仅前2000商品的标题初筛；1000w+无上界；主导渠道需要至少3个商品并且一区间下界高于另两区间上界
喜悦嘉,3,无法判定,1050000,2100000,5000,10000,700000,1500000,仅前2000商品的标题初筛；1000w+无上界；主导渠道需要至少3个商品并且一区间下界高于另两区间上界
域发,3,无法判定,1750000,4000000,1000000,2000000,850000,1750000,仅前2000商品的标题初筛；1000w+无上界；主导渠道需要至少3个商品并且一区间下界高于另两区间上界
夏伯雅莲,3,无法判定,11000000,,15000000,,11100000,,仅前2000商品的标题初筛；1000w+无上界；主导渠道需要至少3个商品并且一区间下界高于另两区间上界
够爱,3,直播,15000000,30000000,512500,1030000,3000000,6000000,仅前2000商品的标题初筛；1000w+无上界；主导渠道需要至少3个商品并且一区间下界高于另两区间上界
奢婷,3,无法判定,2250000,5500000,300000,600000,1260000,3025000,仅前2000商品的标题初筛；1000w+无上界；主导渠道需要至少3个商品并且一区间下界高于另两区间上界
如薇,3,无法判定,1200000,3000000,450000,1000000,1750000,4000000,仅前2000商品的标题初筛；1000w+无上界；主导渠道需要至少3个商品并且一区间下界高于另两区间上界
婵润,3,直播,7000000,15000000,1000000,2500250,1350000,3250000,仅前2000商品的标题初筛；1000w+无上界；主导渠道需要至少3个商品并且一区间下界高于另两区间上界
徽歌,3,无法判定,103500,257500,3250000,6500000,3000000,7500000,仅前2000商品的标题初筛；1000w+无上界；主导渠道需要至少3个商品并且一区间下界高于另两区间上界
施华蔻,3,商品卡,850000,1750000,505000,1010000,6250000,13000000,仅前2000商品的标题初筛；1000w+无上界；主导渠道需要至少3个商品并且一区间下界高于另两区间上界
智然界,3,无法判定,2250000,5500000,27500,55250,5500000,11000000,仅前2000商品的标题初筛；1000w+无上界；主导渠道需要至少3个商品并且一区间下界高于另两区间上界
有生之颜,3,视频,1750000,4000000,7750000,15500000,2500000,6000000,仅前2000商品的标题初筛；1000w+无上界；主导渠道需要至少3个商品并且一区间下界高于另两区间上界
柏科生,3,直播,4000000,8500000,5000,10000,300000,750000,仅前2000商品的标题初筛；1000w+无上界；主导渠道需要至少3个商品并且一区间下界高于另两区间上界
橘后,3,直播,4500000,10000000,100000,250000,1075000,2650000,仅前2000商品的标题初筛；1000w+无上界；主导渠道需要至少3个商品并且一区间下界高于另两区间上界
欧芭,3,直播,7000000,15000000,65000,135000,1000000,2000000,仅前2000商品的标题初筛；1000w+无上界；主导渠道需要至少3个商品并且一区间下界高于另两区间上界
浅香,3,商品卡,10002500,,1350000,3250000,6000000,12000000,仅前2000商品的标题初筛；1000w+无上界；主导渠道需要至少3个商品并且一区间下界高于另两区间上界
清闲,3,无法判定,1750000,4000000,6025000,12550000,3100000,6250000,仅前2000商品的标题初筛；1000w+无上界；主导渠道需要至少3个商品并且一区间下界高于另两区间上界
爱敬,3,直播,2500000,6000000,500000,1000000,210000,525000,仅前2000商品的标题初筛；1000w+无上界；主导渠道需要至少3个商品并且一区间下界高于另两区间上界
禾岸,3,无法判定,3100000,6250000,1020000,2550000,3100000,6250000,仅前2000商品的标题初筛；1000w+无上界；主导渠道需要至少3个商品并且一区间下界高于另两区间上界
秀鹤颜,3,直播,4000000,8500000,250000,500000,575000,1150000,仅前2000商品的标题初筛；1000w+无上界；主导渠道需要至少3个商品并且一区间下界高于另两区间上界
绿毛怪怪,3,无法判定,2500000,6000000,2500,5000,1500000,3500000,仅前2000商品的标题初筛；1000w+无上界；主导渠道需要至少3个商品并且一区间下界高于另两区间上界
美丝叶,3,无法判定,175000,400000,1750000,4000000,1200000,3000000,仅前2000商品的标题初筛；1000w+无上界；主导渠道需要至少3个商品并且一区间下界高于另两区间上界
荟悉,3,无法判定,4000000,8500000,1600000,3750000,3250000,6500000,仅前2000商品的标题初筛；1000w+无上界；主导渠道需要至少3个商品并且一区间下界高于另两区间上界
莎柔,3,视频,10250,25750,7000000,15000000,1500000,3500000,仅前2000商品的标题初筛；1000w+无上界；主导渠道需要至少3个商品并且一区间下界高于另两区间上界
蔻辰,3,无法判定,2000000,4500000,60250,125500,1000000,2000000,仅前2000商品的标题初筛；1000w+无上界；主导渠道需要至少3个商品并且一区间下界高于另两区间上界
赫蔓倪,3,直播,3000000,7500000,101000,252500,850000,1750000,仅前2000商品的标题初筛；1000w+无上界；主导渠道需要至少3个商品并且一区间下界高于另两区间上界
雨洁,3,无法判定,2025000,5050000,276000,552500,1350000,3250000,仅前2000商品的标题初筛；1000w+无上界；主导渠道需要至少3个商品并且一区间下界高于另两区间上界
黛莱皙,3,直播,6000000,12500000,100000,250000,600000,1250000,仅前2000商品的标题初筛；1000w+无上界；主导渠道需要至少3个商品并且一区间下界高于另两区间上界
黛青丝,3,直播,15000000,,3750000,8000000,3750000,8000000,仅前2000商品的标题初筛；1000w+无上界；主导渠道需要至少3个商品并且一区间下界高于另两区间上界
999,2,无法判定,2000000,5000000,100000,250000,275000,550000,仅前2000商品的标题初筛；1000w+无上界；主导渠道需要至少3个商品并且一区间下界高于另两区间上界
BRBE,2,无法判定,1500000,3500000,0,0,200000,500000,仅前2000商品的标题初筛；1000w+无上界；主导渠道需要至少3个商品并且一区间下界高于另两区间上界
CLINSIS,2,无法判定,1500000,3500000,1050000,2600000,2000000,5000000,仅前2000商品的标题初筛；1000w+无上界；主导渠道需要至少3个商品并且一区间下界高于另两区间上界
Dr.cedric,2,无法判定,2000000,5000000,100000,250000,350000,750000,仅前2000商品的标题初筛；1000w+无上界；主导渠道需要至少3个商品并且一区间下界高于另两区间上界
HIPERTIN,2,无法判定,2000000,5000000,25000,50000,300000,600000,仅前2000商品的标题初筛；1000w+无上界；主导渠道需要至少3个商品并且一区间下界高于另两区间上界
HUNMUI\韩伦美羽,2,无法判定,0,0,3500000,7500000,150000,350000,仅前2000商品的标题初筛；1000w+无上界；主导渠道需要至少3个商品并且一区间下界高于另两区间上界
Inn,2,无法判定,2000000,5000000,10000,25000,750000,1500000,仅前2000商品的标题初筛；1000w+无上界；主导渠道需要至少3个商品并且一区间下界高于另两区间上界
JUST AS I AM,2,无法判定,1500000,3500000,100000,250000,600000,1250000,仅前2000商品的标题初筛；1000w+无上界；主导渠道需要至少3个商品并且一区间下界高于另两区间上界
LONGTAKE,2,无法判定,750000,1500000,200000,500000,750000,1500000,仅前2000商品的标题初筛；1000w+无上界；主导渠道需要至少3个商品并且一区间下界高于另两区间上界
Mo Lotus,2,无法判定,2000000,5000000,0,0,510000,1025000,仅前2000商品的标题初筛；1000w+无上界；主导渠道需要至少3个商品并且一区间下界高于另两区间上界
NeW style NS,2,无法判定,30000,60000,2000000,5000000,350000,750000,仅前2000商品的标题初筛；1000w+无上界；主导渠道需要至少3个商品并且一区间下界高于另两区间上界
OKCS,2,无法判定,1500000,3500000,60000,125000,1250000,3000000,仅前2000商品的标题初筛；1000w+无上界；主导渠道需要至少3个商品并且一区间下界高于另两区间上界
ROYAL FAMILY,2,无法判定,2000000,5000000,10500000,,1250000,3000000,仅前2000商品的标题初筛；1000w+无上界；主导渠道需要至少3个商品并且一区间下界高于另两区间上界
TTOUCHME,2,无法判定,1025000,2550000,5000250,10000500,2550000,5100000,仅前2000商品的标题初筛；1000w+无上界；主导渠道需要至少3个商品并且一区间下界高于另两区间上界
virtue,2,无法判定,1500000,3500000,0,0,500000,1000000,仅前2000商品的标题初筛；1000w+无上界；主导渠道需要至少3个商品并且一区间下界高于另两区间上界
东方甄选,2,无法判定,1500000,3500000,1250000,3000000,600000,1250000,仅前2000商品的标题初筛；1000w+无上界；主导渠道需要至少3个商品并且一区间下界高于另两区间上界
乌斯曼,2,无法判定,0,0,3500000,7500000,150000,350000,仅前2000商品的标题初筛；1000w+无上界；主导渠道需要至少3个商品并且一区间下界高于另两区间上界
云开东方,2,无法判定,12500000,,1000000,2500000,6000000,12500000,仅前2000商品的标题初筛；1000w+无上界；主导渠道需要至少3个商品并且一区间下界高于另两区间上界
伊泽蓓尔,2,无法判定,7500000,15000000,1500000,3500000,1500000,3500000,仅前2000商品的标题初筛；1000w+无上界；主导渠道需要至少3个商品并且一区间下界高于另两区间上界
俪艾堂,2,无法判定,2000000,5000000,50000,100000,350000,750000,仅前2000商品的标题初筛；1000w+无上界；主导渠道需要至少3个商品并且一区间下界高于另两区间上界
博倩,2,无法判定,10100000,,3000000,6000000,2600000,5250000,仅前2000商品的标题初筛；1000w+无上界；主导渠道需要至少3个商品并且一区间下界高于另两区间上界
卡卡杜,2,无法判定,3500000,7500000,51000,102500,500000,1000000,仅前2000商品的标题初筛；1000w+无上界；主导渠道需要至少3个商品并且一区间下界高于另两区间上界
哆啦芬芳,2,无法判定,101000,252500,5250000,10500000,1500000,3500000,仅前2000商品的标题初筛；1000w+无上界；主导渠道需要至少3个商品并且一区间下界高于另两区间上界
多蕴,2,无法判定,250,500,5500000,11000000,750000,1500000,仅前2000商品的标题初筛；1000w+无上界；主导渠道需要至少3个商品并且一区间下界高于另两区间上界
头道汤,2,无法判定,3500000,7500000,500000,1000000,550000,1100000,仅前2000商品的标题初筛；1000w+无上界；主导渠道需要至少3个商品并且一区间下界高于另两区间上界
安野屋,2,无法判定,1500000,3500000,50000,100000,1000000,2000000,仅前2000商品的标题初筛；1000w+无上界；主导渠道需要至少3个商品并且一区间下界高于另两区间上界
宝丝捷,2,无法判定,1500000,3500000,0,0,75000,150000,仅前2000商品的标题初筛；1000w+无上界；主导渠道需要至少3个商品并且一区间下界高于另两区间上界
寻蜂之旅,2,无法判定,1250000,3000000,1250000,3000000,750000,1500000,仅前2000商品的标题初筛；1000w+无上界；主导渠道需要至少3个商品并且一区间下界高于另两区间上界
小箭头,2,无法判定,600000,1250000,2525000,5050000,750000,1500000,仅前2000商品的标题初筛；1000w+无上界；主导渠道需要至少3个商品并且一区间下界高于另两区间上界
岚晶泉,2,无法判定,600000,1250000,525000,1050000,1500000,3500000,仅前2000商品的标题初筛；1000w+无上界；主导渠道需要至少3个商品并且一区间下界高于另两区间上界
帕卡玛,2,无法判定,1500000,3500000,0,0,200000,500000,仅前2000商品的标题初筛；1000w+无上界；主导渠道需要至少3个商品并且一区间下界高于另两区间上界
归来客,2,无法判定,1500000,3500000,500000,1000000,300000,600000,仅前2000商品的标题初筛；1000w+无上界；主导渠道需要至少3个商品并且一区间下界高于另两区间上界
彩虹星球合作社,2,无法判定,1500000,3500000,500000,1000000,1250000,3000000,仅前2000商品的标题初筛；1000w+无上界；主导渠道需要至少3个商品并且一区间下界高于另两区间上界
御妙春,2,无法判定,125000,300000,1500000,3500000,1000000,2000000,仅前2000商品的标题初筛；1000w+无上界；主导渠道需要至少3个商品并且一区间下界高于另两区间上界
慕络,2,无法判定,1050000,2600000,1500000,3500000,750000,1500000,仅前2000商品的标题初筛；1000w+无上界；主导渠道需要至少3个商品并且一区间下界高于另两区间上界
昌义生态,2,无法判定,1100000,2750000,750000,1500000,1500000,3500000,仅前2000商品的标题初筛；1000w+无上界；主导渠道需要至少3个商品并且一区间下界高于另两区间上界
染博士,2,无法判定,2000000,5000000,500000,1000000,350000,750000,仅前2000商品的标题初筛；1000w+无上界；主导渠道需要至少3个商品并且一区间下界高于另两区间上界
格蕾丝卡比奥,2,无法判定,350000,750000,1500000,3500000,1000000,2000000,仅前2000商品的标题初筛；1000w+无上界；主导渠道需要至少3个商品并且一区间下界高于另两区间上界
森之宣言,2,无法判定,3500000,7500000,0,0,125000,300000,仅前2000商品的标题初筛；1000w+无上界；主导渠道需要至少3个商品并且一区间下界高于另两区间上界
欧倍青,2,无法判定,750000,1500000,1010000,2525000,1000000,2000000,仅前2000商品的标题初筛；1000w+无上界；主导渠道需要至少3个商品并且一区间下界高于另两区间上界
洁秘,2,无法判定,2000000,5000000,0,0,15000,35000,仅前2000商品的标题初筛；1000w+无上界；主导渠道需要至少3个商品并且一区间下界高于另两区间上界
爱发丝,2,无法判定,550000,1100000,7500000,15000000,1500000,3500000,仅前2000商品的标题初筛；1000w+无上界；主导渠道需要至少3个商品并且一区间下界高于另两区间上界
狗头考拉,2,无法判定,3500000,7500000,0,0,350000,750000,仅前2000商品的标题初筛；1000w+无上界；主导渠道需要至少3个商品并且一区间下界高于另两区间上界
理小养,2,无法判定,2750000,5500000,750000,1500000,1250000,3000000,仅前2000商品的标题初筛；1000w+无上界；主导渠道需要至少3个商品并且一区间下界高于另两区间上界
理然,2,无法判定,1025000,2550000,5000000,10000000,600000,1250000,仅前2000商品的标题初筛；1000w+无上界；主导渠道需要至少3个商品并且一区间下界高于另两区间上界
璐米,2,无法判定,600000,1250000,1500000,3500000,2750000,5500000,仅前2000商品的标题初筛；1000w+无上界；主导渠道需要至少3个商品并且一区间下界高于另两区间上界
瓷珀雅,2,无法判定,1500000,3500000,0,0,500000,1000000,仅前2000商品的标题初筛；1000w+无上界；主导渠道需要至少3个商品并且一区间下界高于另两区间上界
百雀羚,2,无法判定,15000,35000,350000,750000,1500000,3500000,仅前2000商品的标题初筛；1000w+无上界；主导渠道需要至少3个商品并且一区间下界高于另两区间上界
瞳迪,2,无法判定,350000,750000,600000,1250000,1500000,3500000,仅前2000商品的标题初筛；1000w+无上界；主导渠道需要至少3个商品并且一区间下界高于另两区间上界
科丽尼,2,无法判定,1025000,2550000,500500,1001000,150000,350000,仅前2000商品的标题初筛；1000w+无上界；主导渠道需要至少3个商品并且一区间下界高于另两区间上界
章光101,2,无法判定,750000,1500000,1000000,2500000,1250000,3000000,仅前2000商品的标题初筛；1000w+无上界；主导渠道需要至少3个商品并且一区间下界高于另两区间上界
紫郁,2,无法判定,1250000,3000000,505000,1010000,1250000,3000000,仅前2000商品的标题初筛；1000w+无上界；主导渠道需要至少3个商品并且一区间下界高于另两区间上界
红之,2,无法判定,2000000,5000000,0,0,600000,1250000,仅前2000商品的标题初筛；1000w+无上界；主导渠道需要至少3个商品并且一区间下界高于另两区间上界
纯妈,2,无法判定,1250000,3000000,1010000,2525000,600000,1250000,仅前2000商品的标题初筛；1000w+无上界；主导渠道需要至少3个商品并且一区间下界高于另两区间上界
美学社,2,无法判定,50250,100500,5100000,10250000,6000000,12500000,仅前2000商品的标题初筛；1000w+无上界；主导渠道需要至少3个商品并且一区间下界高于另两区间上界
自然堂,2,无法判定,12500000,,2500000,5000000,10500000,,仅前2000商品的标题初筛；1000w+无上界；主导渠道需要至少3个商品并且一区间下界高于另两区间上界
艾悦堂,2,无法判定,2000000,5000000,5000,10000,1500000,3500000,仅前2000商品的标题初筛；1000w+无上界；主导渠道需要至少3个商品并且一区间下界高于另两区间上界
芃芃草,2,无法判定,2000000,5000000,0,0,1100000,2750000,仅前2000商品的标题初筛；1000w+无上界；主导渠道需要至少3个商品并且一区间下界高于另两区间上界
芊芊,2,无法判定,750000,1500000,525000,1050000,500000,1000000,仅前2000商品的标题初筛；1000w+无上界；主导渠道需要至少3个商品并且一区间下界高于另两区间上界
苗正清,2,无法判定,2000000,5000000,50500,101000,500000,1000000,仅前2000商品的标题初筛；1000w+无上界；主导渠道需要至少3个商品并且一区间下界高于另两区间上界
范泳辰,2,无法判定,2000000,5000000,2750000,5500000,7500000,15000000,仅前2000商品的标题初筛；1000w+无上界；主导渠道需要至少3个商品并且一区间下界高于另两区间上界
蒂花之秀,2,无法判定,1500000,3500000,2500,5000,500000,1000000,仅前2000商品的标题初筛；1000w+无上界；主导渠道需要至少3个商品并且一区间下界高于另两区间上界
谜典,2,无法判定,2550000,5100000,750000,1500000,1000000,2000000,仅前2000商品的标题初筛；1000w+无上界；主导渠道需要至少3个商品并且一区间下界高于另两区间上界
质里,2,无法判定,2000000,5000000,5500,11000,300000,600000,仅前2000商品的标题初筛；1000w+无上界；主导渠道需要至少3个商品并且一区间下界高于另两区间上界
迷失公园,2,无法判定,1025000,2550000,50250,100500,2600000,5250000,仅前2000商品的标题初筛；1000w+无上界；主导渠道需要至少3个商品并且一区间下界高于另两区间上界
金稻,2,无法判定,550000,1100000,5500000,11000000,3000000,6000000,仅前2000商品的标题初筛；1000w+无上界；主导渠道需要至少3个商品并且一区间下界高于另两区间上界
闪钻,2,无法判定,6000000,12500000,0,0,1000000,2500000,仅前2000商品的标题初筛；1000w+无上界；主导渠道需要至少3个商品并且一区间下界高于另两区间上界
韩方五谷,2,无法判定,11000,27500,102500,255000,2000000,5000000,仅前2000商品的标题初筛；1000w+无上界；主导渠道需要至少3个商品并且一区间下界高于另两区间上界
飘柔,2,无法判定,200000,500000,1250000,3000000,1500000,3500000,仅前2000商品的标题初筛；1000w+无上界；主导渠道需要至少3个商品并且一区间下界高于另两区间上界
魔发诗,2,无法判定,5050000,10100000,5500000,11000000,2750000,5500000,仅前2000商品的标题初筛；1000w+无上界；主导渠道需要至少3个商品并且一区间下界高于另两区间上界
魔香,2,无法判定,11000000,,10000000,,5250000,10500000,仅前2000商品的标题初筛；1000w+无上界；主导渠道需要至少3个商品并且一区间下界高于另两区间上界
黛森妮,2,无法判定,2000000,5000000,100000,250000,1050000,2600000,仅前2000商品的标题初筛；1000w+无上界；主导渠道需要至少3个商品并且一区间下界高于另两区间上界
AFAE,1,无法判定,25000,50000,1000000,2500000,5000000,10000000,仅前2000商品的标题初筛；1000w+无上界；主导渠道需要至少3个商品并且一区间下界高于另两区间上界
AlpaAlin,1,无法判定,100000,250000,5000000,10000000,1000000,2500000,仅前2000商品的标题初筛；1000w+无上界；主导渠道需要至少3个商品并且一区间下界高于另两区间上界
BANANALCOSMETICS,1,无法判定,100000,250000,25000,50000,1000000,2500000,仅前2000商品的标题初筛；1000w+无上界；主导渠道需要至少3个商品并且一区间下界高于另两区间上界
BEAF,1,无法判定,500000,1000000,0,0,100000,250000,仅前2000商品的标题初筛；1000w+无上界；主导渠道需要至少3个商品并且一区间下界高于另两区间上界
BEFE,1,无法判定,100000,250000,100000,250000,1000000,2500000,仅前2000商品的标题初筛；1000w+无上界；主导渠道需要至少3个商品并且一区间下界高于另两区间上界
BODORME BABY,1,无法判定,250000,500000,5000000,10000000,1000000,2500000,仅前2000商品的标题初筛；1000w+无上界；主导渠道需要至少3个商品并且一区间下界高于另两区间上界
BUV,1,无法判定,500000,1000000,100000,250000,100000,250000,仅前2000商品的标题初筛；1000w+无上界；主导渠道需要至少3个商品并且一区间下界高于另两区间上界
CALIPH KLONG,1,无法判定,10000,25000,500000,1000000,250000,500000,仅前2000商品的标题初筛；1000w+无上界；主导渠道需要至少3个商品并且一区间下界高于另两区间上界
COOX,1,无法判定,500000,1000000,10000,25000,2500000,5000000,仅前2000商品的标题初筛；1000w+无上界；主导渠道需要至少3个商品并且一区间下界高于另两区间上界
Coco&Mike,1,无法判定,0,0,0,0,1000000,2500000,仅前2000商品的标题初筛；1000w+无上界；主导渠道需要至少3个商品并且一区间下界高于另两区间上界
Dr.FORHAIR,1,无法判定,500000,1000000,100000,250000,250000,500000,仅前2000商品的标题初筛；1000w+无上界；主导渠道需要至少3个商品并且一区间下界高于另两区间上界
EVEMORE,1,无法判定,1000000,2500000,0,0,100000,250000,仅前2000商品的标题初筛；1000w+无上界；主导渠道需要至少3个商品并且一区间下界高于另两区间上界
Easevia,1,无法判定,5000,10000,250,500,1000000,2500000,仅前2000商品的标题初筛；1000w+无上界；主导渠道需要至少3个商品并且一区间下界高于另两区间上界
Emami 7 Oils in One,1,无法判定,50000,100000,2500000,5000000,500000,1000000,仅前2000商品的标题初筛；1000w+无上界；主导渠道需要至少3个商品并且一区间下界高于另两区间上界
Eyevmy,1,无法判定,1000000,2500000,0,0,100000,250000,仅前2000商品的标题初筛；1000w+无上界；主导渠道需要至少3个商品并且一区间下界高于另两区间上界
Feydar,1,无法判定,2500000,5000000,0,0,100000,250000,仅前2000商品的标题初筛；1000w+无上界；主导渠道需要至少3个商品并且一区间下界高于另两区间上界
Himalaya SINCE 1930,1,无法判定,500000,1000000,25000,50000,250000,500000,仅前2000商品的标题初筛；1000w+无上界；主导渠道需要至少3个商品并且一区间下界高于另两区间上界
KOPYRROL,1,无法判定,10000000,,5000000,10000000,2500000,5000000,仅前2000商品的标题初筛；1000w+无上界；主导渠道需要至少3个商品并且一区间下界高于另两区间上界
LBR,1,无法判定,250000,500000,10000,25000,1000000,2500000,仅前2000商品的标题初筛；1000w+无上界；主导渠道需要至少3个商品并且一区间下界高于另两区间上界
LILIA,1,无法判定,1000000,2500000,500000,1000000,1000000,2500000,仅前2000商品的标题初筛；1000w+无上界；主导渠道需要至少3个商品并且一区间下界高于另两区间上界
MeloPet,1,无法判定,100000,250000,10000,25000,500000,1000000,仅前2000商品的标题初筛；1000w+无上界；主导渠道需要至少3个商品并且一区间下界高于另两区间上界
MrMs,1,无法判定,0,0,500000,1000000,5000000,10000000,仅前2000商品的标题初筛；1000w+无上界；主导渠道需要至少3个商品并且一区间下界高于另两区间上界
N 27,1,无法判定,5000000,10000000,1000000,2500000,2500000,5000000,仅前2000商品的标题初筛；1000w+无上界；主导渠道需要至少3个商品并且一区间下界高于另两区间上界
NOUGAT,1,无法判定,250000,500000,500000,1000000,500000,1000000,仅前2000商品的标题初筛；1000w+无上界；主导渠道需要至少3个商品并且一区间下界高于另两区间上界
New Nordic,1,无法判定,500000,1000000,100000,250000,100000,250000,仅前2000商品的标题初筛；1000w+无上界；主导渠道需要至少3个商品并且一区间下界高于另两区间上界
OHBT,1,无法判定,10000,25000,250,500,1000000,2500000,仅前2000商品的标题初筛；1000w+无上界；主导渠道需要至少3个商品并且一区间下界高于另两区间上界
OHR,1,无法判定,1000000,2500000,0,0,100000,250000,仅前2000商品的标题初筛；1000w+无上界；主导渠道需要至少3个商品并且一区间下界高于另两区间上界
ProtYouth,1,无法判定,500000,1000000,0,0,250000,500000,仅前2000商品的标题初筛；1000w+无上界；主导渠道需要至少3个商品并且一区间下界高于另两区间上界
Rarahira,1,无法判定,500000,1000000,0,0,500000,1000000,仅前2000商品的标题初筛；1000w+无上界；主导渠道需要至少3个商品并且一区间下界高于另两区间上界
RoyalRainbow,1,无法判定,1000000,2500000,0,0,50000,100000,仅前2000商品的标题初筛；1000w+无上界；主导渠道需要至少3个商品并且一区间下界高于另两区间上界
SAZA,1,无法判定,5000000,10000000,2500000,5000000,1000000,2500000,仅前2000商品的标题初筛；1000w+无上界；主导渠道需要至少3个商品并且一区间下界高于另两区间上界
SI-BASIC QUEEN,1,无法判定,1000000,2500000,5000,10000,250000,500000,仅前2000商品的标题初筛；1000w+无上界；主导渠道需要至少3个商品并且一区间下界高于另两区间上界
SOONIISE,1,无法判定,1000000,2500000,1000000,2500000,1000000,2500000,仅前2000商品的标题初筛；1000w+无上界；主导渠道需要至少3个商品并且一区间下界高于另两区间上界
SOUNDER ONE,1,无法判定,250000,500000,10000,25000,500000,1000000,仅前2000商品的标题初筛；1000w+无上界；主导渠道需要至少3个商品并且一区间下界高于另两区间上界
Selsun,1,无法判定,250000,500000,250000,500000,5000000,10000000,仅前2000商品的标题初筛；1000w+无上界；主导渠道需要至少3个商品并且一区间下界高于另两区间上界
UKGF,1,无法判定,0,0,1000000,2500000,50000,100000,仅前2000商品的标题初筛；1000w+无上界；主导渠道需要至少3个商品并且一区间下界高于另两区间上界
UNOVE,1,无法判定,500000,1000000,10000,25000,250000,500000,仅前2000商品的标题初筛；1000w+无上界；主导渠道需要至少3个商品并且一区间下界高于另两区间上界
VOODOO,1,无法判定,500000,1000000,0,0,50000,100000,仅前2000商品的标题初筛；1000w+无上界；主导渠道需要至少3个商品并且一区间下界高于另两区间上界
VerbenaLinn,1,无法判定,500000,1000000,1000000,2500000,1000000,2500000,仅前2000商品的标题初筛；1000w+无上界；主导渠道需要至少3个商品并且一区间下界高于另两区间上界
Vivid Spring,1,无法判定,5000000,10000000,500000,1000000,500000,1000000,仅前2000商品的标题初筛；1000w+无上界；主导渠道需要至少3个商品并且一区间下界高于另两区间上界
ZCSE,1,无法判定,0,0,1000000,2500000,50000,100000,仅前2000商品的标题初筛；1000w+无上界；主导渠道需要至少3个商品并且一区间下界高于另两区间上界
ecowish,1,无法判定,250000,500000,1000000,2500000,500000,1000000,仅前2000商品的标题初筛；1000w+无上界；主导渠道需要至少3个商品并且一区间下界高于另两区间上界
lavy,1,无法判定,0,0,100000,250000,500000,1000000,仅前2000商品的标题初筛；1000w+无上界；主导渠道需要至少3个商品并且一区间下界高于另两区间上界
luckyfine,1,无法判定,1000,2500,1000000,2500000,500000,1000000,仅前2000商品的标题初筛；1000w+无上界；主导渠道需要至少3个商品并且一区间下界高于另两区间上界
pamonri,1,无法判定,100000,250000,500000,1000000,1000000,2500000,仅前2000商品的标题初筛；1000w+无上界；主导渠道需要至少3个商品并且一区间下界高于另两区间上界
refa,1,无法判定,1000000,2500000,10000,25000,250000,500000,仅前2000商品的标题初筛；1000w+无上界；主导渠道需要至少3个商品并且一区间下界高于另两区间上界
togethair meeting nature,1,无法判定,50000,100000,500000,1000000,250000,500000,仅前2000商品的标题初筛；1000w+无上界；主导渠道需要至少3个商品并且一区间下界高于另两区间上界
丰馥,1,无法判定,500000,1000000,25000,50000,250000,500000,仅前2000商品的标题初筛；1000w+无上界；主导渠道需要至少3个商品并且一区间下界高于另两区间上界
丹泊,1,无法判定,10000,25000,1000000,2500000,500000,1000000,仅前2000商品的标题初筛；1000w+无上界；主导渠道需要至少3个商品并且一区间下界高于另两区间上界
乐丝欧,1,无法判定,250000,500000,1000000,2500000,100000,250000,仅前2000商品的标题初筛；1000w+无上界；主导渠道需要至少3个商品并且一区间下界高于另两区间上界
乐霂,1,无法判定,1000000,2500000,1000,2500,100000,250000,仅前2000商品的标题初筛；1000w+无上界；主导渠道需要至少3个商品并且一区间下界高于另两区间上界
云丝青回,1,无法判定,250000,500000,50000,100000,500000,1000000,仅前2000商品的标题初筛；1000w+无上界；主导渠道需要至少3个商品并且一区间下界高于另两区间上界
亦羽,1,无法判定,500000,1000000,5000,10000,250000,500000,仅前2000商品的标题初筛；1000w+无上界；主导渠道需要至少3个商品并且一区间下界高于另两区间上界
享花田,1,无法判定,250000,500000,500000,1000000,100000,250000,仅前2000商品的标题初筛；1000w+无上界；主导渠道需要至少3个商品并且一区间下界高于另两区间上界
人 法兰仁和,1,无法判定,100000,250000,250000,500000,500000,1000000,仅前2000商品的标题初筛；1000w+无上界；主导渠道需要至少3个商品并且一区间下界高于另两区间上界
仁和,1,无法判定,1000000,2500000,500000,1000000,100000,250000,仅前2000商品的标题初筛；1000w+无上界；主导渠道需要至少3个商品并且一区间下界高于另两区间上界
佳朗,1,无法判定,25000,50000,500000,1000000,250000,500000,仅前2000商品的标题初筛；1000w+无上界；主导渠道需要至少3个商品并且一区间下界高于另两区间上界
再发森,1,无法判定,100000,250000,100000,250000,500000,1000000,仅前2000商品的标题初筛；1000w+无上界；主导渠道需要至少3个商品并且一区间下界高于另两区间上界
净研氏,1,无法判定,1000000,2500000,100000,250000,1000000,2500000,仅前2000商品的标题初筛；1000w+无上界；主导渠道需要至少3个商品并且一区间下界高于另两区间上界
净超人,1,无法判定,500,1000,1000000,2500000,100000,250000,仅前2000商品的标题初筛；1000w+无上界；主导渠道需要至少3个商品并且一区间下界高于另两区间上界
函得仕,1,无法判定,1000000,2500000,250000,500000,1000000,2500000,仅前2000商品的标题初筛；1000w+无上界；主导渠道需要至少3个商品并且一区间下界高于另两区间上界
初蔓,1,无法判定,0,0,0,0,1000000,2500000,仅前2000商品的标题初筛；1000w+无上界；主导渠道需要至少3个商品并且一区间下界高于另两区间上界
北欧早晨,1,无法判定,1000000,2500000,100000,250000,1000000,2500000,仅前2000商品的标题初筛；1000w+无上界；主导渠道需要至少3个商品并且一区间下界高于另两区间上界
半皙,1,无法判定,250000,500000,100000,250000,500000,1000000,仅前2000商品的标题初筛；1000w+无上界；主导渠道需要至少3个商品并且一区间下界高于另两区间上界
卓蓝雅,1,无法判定,250000,500000,100000,250000,500000,1000000,仅前2000商品的标题初筛；1000w+无上界；主导渠道需要至少3个商品并且一区间下界高于另两区间上界
博滴,1,无法判定,250000,500000,100000,250000,500000,1000000,仅前2000商品的标题初筛；1000w+无上界；主导渠道需要至少3个商品并且一区间下界高于另两区间上界
卡夫,1,无法判定,250000,500000,500000,1000000,500000,1000000,仅前2000商品的标题初筛；1000w+无上界；主导渠道需要至少3个商品并且一区间下界高于另两区间上界
即山川,1,无法判定,100000,250000,500000,1000000,500000,1000000,仅前2000商品的标题初筛；1000w+无上界；主导渠道需要至少3个商品并且一区间下界高于另两区间上界
发歌,1,无法判定,50000,100000,100000,250000,1000000,2500000,仅前2000商品的标题初筛；1000w+无上界；主导渠道需要至少3个商品并且一区间下界高于另两区间上界
发玛 21,1,无法判定,1000000,2500000,0,250,100000,250000,仅前2000商品的标题初筛；1000w+无上界；主导渠道需要至少3个商品并且一区间下界高于另两区间上界
古撰,1,无法判定,100000,250000,500000,1000000,250000,500000,仅前2000商品的标题初筛；1000w+无上界；主导渠道需要至少3个商品并且一区间下界高于另两区间上界
可可伴侣,1,无法判定,50000,100000,1000000,2500000,500000,1000000,仅前2000商品的标题初筛；1000w+无上界；主导渠道需要至少3个商品并且一区间下界高于另两区间上界
可麦,1,无法判定,1000000,2500000,500000,1000000,500000,1000000,仅前2000商品的标题初筛；1000w+无上界；主导渠道需要至少3个商品并且一区间下界高于另两区间上界
国药集团天目湖药业,1,无法判定,0,250,1000000,2500000,1000000,2500000,仅前2000商品的标题初筛；1000w+无上界；主导渠道需要至少3个商品并且一区间下界高于另两区间上界
复乐地,1,无法判定,250000,500000,500000,1000000,500000,1000000,仅前2000商品的标题初筛；1000w+无上界；主导渠道需要至少3个商品并且一区间下界高于另两区间上界
天使的艳轮,1,无法判定,100000,250000,500000,1000000,500000,1000000,仅前2000商品的标题初筛；1000w+无上界；主导渠道需要至少3个商品并且一区间下界高于另两区间上界
姿素华,1,无法判定,25000,50000,100000,250000,500000,1000000,仅前2000商品的标题初筛；1000w+无上界；主导渠道需要至少3个商品并且一区间下界高于另两区间上界
宣谷,1,无法判定,1000000,2500000,25000,50000,500000,1000000,仅前2000商品的标题初筛；1000w+无上界；主导渠道需要至少3个商品并且一区间下界高于另两区间上界
寻香博士,1,无法判定,250000,500000,10000,25000,2500000,5000000,仅前2000商品的标题初筛；1000w+无上界；主导渠道需要至少3个商品并且一区间下界高于另两区间上界
小酿蜜,1,无法判定,500000,1000000,250000,500000,100000,250000,仅前2000商品的标题初筛；1000w+无上界；主导渠道需要至少3个商品并且一区间下界高于另两区间上界
左颜右色,1,无法判定,0,0,500000,1000000,250000,500000,仅前2000商品的标题初筛；1000w+无上界；主导渠道需要至少3个商品并且一区间下界高于另两区间上界
御清堂,1,无法判定,0,250,1000000,2500000,100000,250000,仅前2000商品的标题初筛；1000w+无上界；主导渠道需要至少3个商品并且一区间下界高于另两区间上界
悦闪耀,1,无法判定,0,0,10000,25000,1000000,2500000,仅前2000商品的标题初筛；1000w+无上界；主导渠道需要至少3个商品并且一区间下界高于另两区间上界
拾颜轨迹,1,无法判定,1000000,2500000,0,0,100000,250000,仅前2000商品的标题初筛；1000w+无上界；主导渠道需要至少3个商品并且一区间下界高于另两区间上界
探雅,1,无法判定,1000000,2500000,100000,250000,100000,250000,仅前2000商品的标题初筛；1000w+无上界；主导渠道需要至少3个商品并且一区间下界高于另两区间上界
斐然优美,1,无法判定,0,0,1000000,2500000,250000,500000,仅前2000商品的标题初筛；1000w+无上界；主导渠道需要至少3个商品并且一区间下界高于另两区间上界
曼德琳,1,无法判定,1000000,2500000,100000,250000,250000,500000,仅前2000商品的标题初筛；1000w+无上界；主导渠道需要至少3个商品并且一区间下界高于另两区间上界
最家花田,1,无法判定,250000,500000,500000,1000000,100000,250000,仅前2000商品的标题初筛；1000w+无上界；主导渠道需要至少3个商品并且一区间下界高于另两区间上界
朵澜,1,无法判定,2500000,5000000,25000,50000,1000000,2500000,仅前2000商品的标题初筛；1000w+无上界；主导渠道需要至少3个商品并且一区间下界高于另两区间上界
朵美莱,1,无法判定,250,500,500000,1000000,250000,500000,仅前2000商品的标题初筛；1000w+无上界；主导渠道需要至少3个商品并且一区间下界高于另两区间上界
李功南,1,无法判定,1000000,2500000,500000,1000000,1000000,2500000,仅前2000商品的标题初筛；1000w+无上界；主导渠道需要至少3个商品并且一区间下界高于另两区间上界
李时珍,1,无法判定,100000,250000,5000000,10000000,500000,1000000,仅前2000商品的标题初筛；1000w+无上界；主导渠道需要至少3个商品并且一区间下界高于另两区间上界
林肯,1,无法判定,2500000,5000000,0,0,500000,1000000,仅前2000商品的标题初筛；1000w+无上界；主导渠道需要至少3个商品并且一区间下界高于另两区间上界
梵玳,1,无法判定,100000,250000,1000000,2500000,250000,500000,仅前2000商品的标题初筛；1000w+无上界；主导渠道需要至少3个商品并且一区间下界高于另两区间上界
森洣,1,无法判定,50000,100000,250000,500000,500000,1000000,仅前2000商品的标题初筛；1000w+无上界；主导渠道需要至少3个商品并且一区间下界高于另两区间上界
森派珂,1,无法判定,2500000,5000000,0,0,500000,1000000,仅前2000商品的标题初筛；1000w+无上界；主导渠道需要至少3个商品并且一区间下界高于另两区间上界
植优研,1,无法判定,2500000,5000000,5000,10000,250000,500000,仅前2000商品的标题初筛；1000w+无上界；主导渠道需要至少3个商品并且一区间下界高于另两区间上界
植惬,1,无法判定,1000000,2500000,0,0,100000,250000,仅前2000商品的标题初筛；1000w+无上界；主导渠道需要至少3个商品并且一区间下界高于另两区间上界
植美咖,1,无法判定,1000000,2500000,1000000,2500000,500000,1000000,仅前2000商品的标题初筛；1000w+无上界；主导渠道需要至少3个商品并且一区间下界高于另两区间上界
欧拉裴,1,无法判定,500000,1000000,50000,100000,500000,1000000,仅前2000商品的标题初筛；1000w+无上界；主导渠道需要至少3个商品并且一区间下界高于另两区间上界
欧罗斐尔,1,无法判定,250000,500000,1000000,2500000,250000,500000,仅前2000商品的标题初筛；1000w+无上界；主导渠道需要至少3个商品并且一区间下界高于另两区间上界
欧舒丹,1,无法判定,1000000,2500000,1000,2500,500000,1000000,仅前2000商品的标题初筛；1000w+无上界；主导渠道需要至少3个商品并且一区间下界高于另两区间上界
欧蜜源,1,无法判定,500000,1000000,10000,25000,250000,500000,仅前2000商品的标题初筛；1000w+无上界；主导渠道需要至少3个商品并且一区间下界高于另两区间上界
歌宝莲,1,无法判定,10000,25000,250000,500000,500000,1000000,仅前2000商品的标题初筛；1000w+无上界；主导渠道需要至少3个商品并且一区间下界高于另两区间上界
歌澜,1,无法判定,100000,250000,2500000,5000000,1000000,2500000,仅前2000商品的标题初筛；1000w+无上界；主导渠道需要至少3个商品并且一区间下界高于另两区间上界
沐燕,1,无法判定,2500000,5000000,1000,2500,1000000,2500000,仅前2000商品的标题初筛；1000w+无上界；主导渠道需要至少3个商品并且一区间下界高于另两区间上界
沫小佰,1,无法判定,10000,25000,1000000,2500000,250000,500000,仅前2000商品的标题初筛；1000w+无上界；主导渠道需要至少3个商品并且一区间下界高于另两区间上界
沫芮,1,无法判定,25000,50000,250000,500000,500000,1000000,仅前2000商品的标题初筛；1000w+无上界；主导渠道需要至少3个商品并且一区间下界高于另两区间上界
泉意,1,无法判定,1000000,2500000,0,0,100000,250000,仅前2000商品的标题初筛；1000w+无上界；主导渠道需要至少3个商品并且一区间下界高于另两区间上界
泊紫汀兰,1,无法判定,100000,250000,1000000,2500000,2500000,5000000,仅前2000商品的标题初筛；1000w+无上界；主导渠道需要至少3个商品并且一区间下界高于另两区间上界
海の美宝,1,无法判定,5000000,10000000,0,0,500000,1000000,仅前2000商品的标题初筛；1000w+无上界；主导渠道需要至少3个商品并且一区间下界高于另两区间上界
海瑟薇,1,无法判定,500000,1000000,100000,250000,1000000,2500000,仅前2000商品的标题初筛；1000w+无上界；主导渠道需要至少3个商品并且一区间下界高于另两区间上界
淄博市中医医院,1,无法判定,500000,1000000,25000,50000,250000,500000,仅前2000商品的标题初筛；1000w+无上界；主导渠道需要至少3个商品并且一区间下界高于另两区间上界
清丝语,1,无法判定,500000,1000000,0,250,250000,500000,仅前2000商品的标题初筛；1000w+无上界；主导渠道需要至少3个商品并且一区间下界高于另两区间上界
温碧泉,1,无法判定,1000000,2500000,10000,25000,250000,500000,仅前2000商品的标题初筛；1000w+无上界；主导渠道需要至少3个商品并且一区间下界高于另两区间上界
温莎森林,1,无法判定,500000,1000000,0,250,100000,250000,仅前2000商品的标题初筛；1000w+无上界；主导渠道需要至少3个商品并且一区间下界高于另两区间上界
满婷,1,无法判定,2500000,5000000,100000,250000,500000,1000000,仅前2000商品的标题初筛；1000w+无上界；主导渠道需要至少3个商品并且一区间下界高于另两区间上界
澄丝,1,无法判定,500000,1000000,25000,50000,250000,500000,仅前2000商品的标题初筛；1000w+无上界；主导渠道需要至少3个商品并且一区间下界高于另两区间上界
澳兰黛,1,无法判定,1000000,2500000,2500000,5000000,1000000,2500000,仅前2000商品的标题初筛；1000w+无上界；主导渠道需要至少3个商品并且一区间下界高于另两区间上界
澳威雅,1,无法判定,10000,25000,1000000,2500000,500000,1000000,仅前2000商品的标题初筛；1000w+无上界；主导渠道需要至少3个商品并且一区间下界高于另两区间上界
澳宝,1,无法判定,50000,100000,2500000,5000000,1000000,2500000,仅前2000商品的标题初筛；1000w+无上界；主导渠道需要至少3个商品并且一区间下界高于另两区间上界
澳尼娜,1,无法判定,1000000,2500000,500,1000,100000,250000,仅前2000商品的标题初筛；1000w+无上界；主导渠道需要至少3个商品并且一区间下界高于另两区间上界
澳澌漫草,1,无法判定,10000,25000,500000,1000000,250000,500000,仅前2000商品的标题初筛；1000w+无上界；主导渠道需要至少3个商品并且一区间下界高于另两区间上界
爱偲,1,无法判定,1000000,2500000,500,1000,250000,500000,仅前2000商品的标题初筛；1000w+无上界；主导渠道需要至少3个商品并且一区间下界高于另两区间上界
独普,1,无法判定,2500000,5000000,500000,1000000,1000000,2500000,仅前2000商品的标题初筛；1000w+无上界；主导渠道需要至少3个商品并且一区间下界高于另两区间上界
独特艾琳,1,无法判定,0,250,100000,250000,500000,1000000,仅前2000商品的标题初筛；1000w+无上界；主导渠道需要至少3个商品并且一区间下界高于另两区间上界
玛莉吉亚,1,无法判定,5000000,10000000,500000,1000000,1000000,2500000,仅前2000商品的标题初筛；1000w+无上界；主导渠道需要至少3个商品并且一区间下界高于另两区间上界
珍草日记,1,无法判定,1000000,2500000,0,250,10000,25000,仅前2000商品的标题初筛；1000w+无上界；主导渠道需要至少3个商品并且一区间下界高于另两区间上界
瑞丝,1,无法判定,1000000,2500000,500,1000,100000,250000,仅前2000商品的标题初筛；1000w+无上界；主导渠道需要至少3个商品并且一区间下界高于另两区间上界
瑶乡日记,1,无法判定,5000000,10000000,100000,250000,500000,1000000,仅前2000商品的标题初筛；1000w+无上界；主导渠道需要至少3个商品并且一区间下界高于另两区间上界
百乐岛,1,无法判定,500,1000,1000000,2500000,250000,500000,仅前2000商品的标题初筛；1000w+无上界；主导渠道需要至少3个商品并且一区间下界高于另两区间上界
百兰龄,1,无法判定,5000,10000,1000000,2500000,250000,500000,仅前2000商品的标题初筛；1000w+无上界；主导渠道需要至少3个商品并且一区间下界高于另两区间上界
百年扁氏,1,无法判定,0,250,500000,1000000,100000,250000,仅前2000商品的标题初筛；1000w+无上界；主导渠道需要至少3个商品并且一区间下界高于另两区间上界
瞦乐,1,无法判定,25000,50000,1000000,2500000,500000,1000000,仅前2000商品的标题初筛；1000w+无上界；主导渠道需要至少3个商品并且一区间下界高于另两区间上界
知皂集,1,无法判定,500000,1000000,250000,500000,250000,500000,仅前2000商品的标题初筛；1000w+无上界；主导渠道需要至少3个商品并且一区间下界高于另两区间上界
神秘博士,1,无法判定,250000,500000,1000000,2500000,500000,1000000,仅前2000商品的标题初筛；1000w+无上界；主导渠道需要至少3个商品并且一区间下界高于另两区间上界
私佳语录,1,无法判定,1000000,2500000,100000,250000,500000,1000000,仅前2000商品的标题初筛；1000w+无上界；主导渠道需要至少3个商品并且一区间下界高于另两区间上界
秘诗蔻,1,无法判定,250000,500000,250000,500000,250000,500000,仅前2000商品的标题初筛；1000w+无上界；主导渠道需要至少3个商品并且一区间下界高于另两区间上界
笛梵,1,无法判定,50000,100000,1000000,2500000,250000,500000,仅前2000商品的标题初筛；1000w+无上界；主导渠道需要至少3个商品并且一区间下界高于另两区间上界
米菲娜,1,无法判定,500000,1000000,0,0,100000,250000,仅前2000商品的标题初筛；1000w+无上界；主导渠道需要至少3个商品并且一区间下界高于另两区间上界
米蓝希,1,无法判定,100000,250000,500000,1000000,250000,500000,仅前2000商品的标题初筛；1000w+无上界；主导渠道需要至少3个商品并且一区间下界高于另两区间上界
约翰杰夫,1,无法判定,1000000,2500000,50000,100000,1000000,2500000,仅前2000商品的标题初筛；1000w+无上界；主导渠道需要至少3个商品并且一区间下界高于另两区间上界
纳歌,1,无法判定,500000,1000000,5000,10000,250000,500000,仅前2000商品的标题初筛；1000w+无上界；主导渠道需要至少3个商品并且一区间下界高于另两区间上界
纳罗娜,1,无法判定,250000,500000,10000000,,2500000,5000000,仅前2000商品的标题初筛；1000w+无上界；主导渠道需要至少3个商品并且一区间下界高于另两区间上界
维茜,1,无法判定,2500000,5000000,10000,25000,1000000,2500000,仅前2000商品的标题初筛；1000w+无上界；主导渠道需要至少3个商品并且一区间下界高于另两区间上界
绿色农场,1,无法判定,100000,250000,500000,1000000,1000000,2500000,仅前2000商品的标题初筛；1000w+无上界；主导渠道需要至少3个商品并且一区间下界高于另两区间上界
绿邦康宝,1,无法判定,500000,1000000,0,0,100000,250000,仅前2000商品的标题初筛；1000w+无上界；主导渠道需要至少3个商品并且一区间下界高于另两区间上界
缇丝秀,1,无法判定,250000,500000,250000,500000,500000,1000000,仅前2000商品的标题初筛；1000w+无上界；主导渠道需要至少3个商品并且一区间下界高于另两区间上界
缇扣,1,无法判定,500000,1000000,25000,50000,250000,500000,仅前2000商品的标题初筛；1000w+无上界；主导渠道需要至少3个商品并且一区间下界高于另两区间上界
美琳特,1,无法判定,250000,500000,1000000,2500000,250000,500000,仅前2000商品的标题初筛；1000w+无上界；主导渠道需要至少3个商品并且一区间下界高于另两区间上界
美瑞丝,1,无法判定,2500000,5000000,250000,500000,500000,1000000,仅前2000商品的标题初筛；1000w+无上界；主导渠道需要至少3个商品并且一区间下界高于另两区间上界
美蒂芬,1,无法判定,1000000,2500000,10000,25000,250000,500000,仅前2000商品的标题初筛；1000w+无上界；主导渠道需要至少3个商品并且一区间下界高于另两区间上界
肤裕子,1,无法判定,500,1000,500000,1000000,100000,250000,仅前2000商品的标题初筛；1000w+无上界；主导渠道需要至少3个商品并且一区间下界高于另两区间上界
艾之康,1,无法判定,1000000,2500000,0,0,500000,1000000,仅前2000商品的标题初筛；1000w+无上界；主导渠道需要至少3个商品并且一区间下界高于另两区间上界
艾云迪,1,无法判定,2500,5000,1000000,2500000,2500000,5000000,仅前2000商品的标题初筛；1000w+无上界；主导渠道需要至少3个商品并且一区间下界高于另两区间上界
花倾美,1,无法判定,1000,2500,500000,1000000,500000,1000000,仅前2000商品的标题初筛；1000w+无上界；主导渠道需要至少3个商品并且一区间下界高于另两区间上界
英氏,1,无法判定,2500000,5000000,0,0,100000,250000,仅前2000商品的标题初筛；1000w+无上界；主导渠道需要至少3个商品并且一区间下界高于另两区间上界
草本序幕,1,无法判定,1000000,2500000,500000,1000000,250000,500000,仅前2000商品的标题初筛；1000w+无上界；主导渠道需要至少3个商品并且一区间下界高于另两区间上界
草本熙,1,无法判定,1000000,2500000,0,0,250000,500000,仅前2000商品的标题初筛；1000w+无上界；主导渠道需要至少3个商品并且一区间下界高于另两区间上界
草本纡禾,1,无法判定,250000,500000,250000,500000,500000,1000000,仅前2000商品的标题初筛；1000w+无上界；主导渠道需要至少3个商品并且一区间下界高于另两区间上界
莹朴,1,无法判定,500000,1000000,100000,250000,250000,500000,仅前2000商品的标题初筛；1000w+无上界；主导渠道需要至少3个商品并且一区间下界高于另两区间上界
菲诗小铺,1,无法判定,100000,250000,2500000,5000000,1000000,2500000,仅前2000商品的标题初筛；1000w+无上界；主导渠道需要至少3个商品并且一区间下界高于另两区间上界
菲诗蔻,1,无法判定,0,0,250000,500000,1000000,2500000,仅前2000商品的标题初筛；1000w+无上界；主导渠道需要至少3个商品并且一区间下界高于另两区间上界
菲诺蒙,1,无法判定,5000000,10000000,5000000,10000000,2500000,5000000,仅前2000商品的标题初筛；1000w+无上界；主导渠道需要至少3个商品并且一区间下界高于另两区间上界
萘萃蜜语,1,无法判定,5000000,10000000,1000000,2500000,5000000,10000000,仅前2000商品的标题初筛；1000w+无上界；主导渠道需要至少3个商品并且一区间下界高于另两区间上界
蓓奈姿,1,无法判定,5000000,10000000,1000000,2500000,2500000,5000000,仅前2000商品的标题初筛；1000w+无上界；主导渠道需要至少3个商品并且一区间下界高于另两区间上界
蔚浔,1,无法判定,2500000,5000000,0,0,250000,500000,仅前2000商品的标题初筛；1000w+无上界；主导渠道需要至少3个商品并且一区间下界高于另两区间上界
袋鼠妈妈,1,无法判定,500000,1000000,2500000,5000000,2500000,5000000,仅前2000商品的标题初筛；1000w+无上界；主导渠道需要至少3个商品并且一区间下界高于另两区间上界
观山雨,1,无法判定,100000,250000,1000000,2500000,250000,500000,仅前2000商品的标题初筛；1000w+无上界；主导渠道需要至少3个商品并且一区间下界高于另两区间上界
解氏芝瑞堂,1,无法判定,1000000,2500000,0,0,50000,100000,仅前2000商品的标题初筛；1000w+无上界；主导渠道需要至少3个商品并且一区间下界高于另两区间上界
诗丸,1,无法判定,25000,50000,1000000,2500000,1000000,2500000,仅前2000商品的标题初筛；1000w+无上界；主导渠道需要至少3个商品并且一区间下界高于另两区间上界
贝尔士,1,无法判定,500000,1000000,500000,1000000,2500000,5000000,仅前2000商品的标题初筛；1000w+无上界；主导渠道需要至少3个商品并且一区间下界高于另两区间上界
贵倩,1,无法判定,1000000,2500000,10000,25000,500000,1000000,仅前2000商品的标题初筛；1000w+无上界；主导渠道需要至少3个商品并且一区间下界高于另两区间上界
贺澧,1,无法判定,2500000,5000000,10000,25000,1000000,2500000,仅前2000商品的标题初筛；1000w+无上界；主导渠道需要至少3个商品并且一区间下界高于另两区间上界
赋强,1,无法判定,250000,500000,1000000,2500000,500000,1000000,仅前2000商品的标题初筛；1000w+无上界；主导渠道需要至少3个商品并且一区间下界高于另两区间上界
赫莲彩,1,无法判定,2500,5000,1000000,2500000,100000,250000,仅前2000商品的标题初筛；1000w+无上界；主导渠道需要至少3个商品并且一区间下界高于另两区间上界
邈博士,1,无法判定,500000,1000000,0,0,100000,250000,仅前2000商品的标题初筛；1000w+无上界；主导渠道需要至少3个商品并且一区间下界高于另两区间上界
采乐,1,无法判定,25000,50000,250000,500000,1000000,2500000,仅前2000商品的标题初筛；1000w+无上界；主导渠道需要至少3个商品并且一区间下界高于另两区间上界
铂匠士,1,无法判定,1000,2500,500000,1000000,250000,500000,仅前2000商品的标题初筛；1000w+无上界；主导渠道需要至少3个商品并且一区间下界高于另两区间上界
附近的猫,1,无法判定,1000000,2500000,0,0,50000,100000,仅前2000商品的标题初筛；1000w+无上界；主导渠道需要至少3个商品并且一区间下界高于另两区间上界
陇野,1,无法判定,10000,25000,1000000,2500000,100000,250000,仅前2000商品的标题初筛；1000w+无上界；主导渠道需要至少3个商品并且一区间下界高于另两区间上界
雁有品,1,无法判定,1000000,2500000,0,0,100000,250000,仅前2000商品的标题初筛；1000w+无上界；主导渠道需要至少3个商品并且一区间下界高于另两区间上界
雅屏,1,无法判定,0,0,1000000,2500000,10000,25000,仅前2000商品的标题初筛；1000w+无上界；主导渠道需要至少3个商品并且一区间下界高于另两区间上界
雎安,1,无法判定,1000,2500,25000,50000,1000000,2500000,仅前2000商品的标题初筛；1000w+无上界；主导渠道需要至少3个商品并且一区间下界高于另两区间上界
零叙,1,无法判定,1000000,2500000,0,0,50000,100000,仅前2000商品的标题初筛；1000w+无上界；主导渠道需要至少3个商品并且一区间下界高于另两区间上界
零零后小琴,1,无法判定,500000,1000000,100000,250000,250000,500000,仅前2000商品的标题初筛；1000w+无上界；主导渠道需要至少3个商品并且一区间下界高于另两区间上界
霸扬,1,无法判定,0,0,500000,1000000,250000,500000,仅前2000商品的标题初筛；1000w+无上界；主导渠道需要至少3个商品并且一区间下界高于另两区间上界
青漾时光,1,无法判定,1000000,2500000,250000,500000,500000,1000000,仅前2000商品的标题初筛；1000w+无上界；主导渠道需要至少3个商品并且一区间下界高于另两区间上界
韩伊,1,无法判定,250000,500000,2500000,5000000,1000000,2500000,仅前2000商品的标题初筛；1000w+无上界；主导渠道需要至少3个商品并且一区间下界高于另两区间上界
颂境,1,无法判定,500000,1000000,1000,2500,100000,250000,仅前2000商品的标题初筛；1000w+无上界；主导渠道需要至少3个商品并且一区间下界高于另两区间上界
香汐,1,无法判定,50000,100000,50000,100000,500000,1000000,仅前2000商品的标题初筛；1000w+无上界；主导渠道需要至少3个商品并且一区间下界高于另两区间上界
香聆,1,无法判定,25000,50000,1000000,2500000,1000000,2500000,仅前2000商品的标题初筛；1000w+无上界；主导渠道需要至少3个商品并且一区间下界高于另两区间上界
高康,1,无法判定,500000,1000000,5000,10000,250000,500000,仅前2000商品的标题初筛；1000w+无上界；主导渠道需要至少3个商品并且一区间下界高于另两区间上界
黛丝恩,1,无法判定,250000,500000,100000,250000,1000000,2500000,仅前2000商品的标题初筛；1000w+无上界；主导渠道需要至少3个商品并且一区间下界高于另两区间上界
黛泉莱,1,无法判定,1000000,2500000,0,0,10000,25000,仅前2000商品的标题初筛；1000w+无上界；主导渠道需要至少3个商品并且一区间下界高于另两区间上界
